,nodes,TR
0,4363,21
1,4327,20
2,4333,19
3,4361,18
4,4353,15
5,4372,15
6,4316,14
7,4318,14
8,4329,14
9,4340,13
10,4371,13
11,4381,13
12,4383,13
13,4396,13
14,298,12
15,4333,12
16,2543,11
17,2624,11
18,2681,11
19,4337,11
20,4353,11
21,4378,11
22,4391,11
23,2809,10
24,2838,10
25,4315,10
26,2494,9
27,2774,9
28,4351,9
29,4355,9
30,2502,8
31,2749,8
32,2754,8
33,2794,8
34,3102,8
35,4323,8
36,260,7
37,261,7
38,2697,7
39,2711,7
40,2833,7
41,2834,7
42,2875,7
43,2900,7
44,2968,7
45,4320,7
46,4347,7
47,237,6
48,264,6
49,276,6
50,286,6
51,2491,6
52,2554,6
53,2705,6
54,2795,6
55,2810,6
56,2892,6
57,2915,6
58,3000,6
59,3161,6
60,3270,6
61,3875,6
62,4328,6
63,4343,6
64,4350,6
65,4368,6
66,1318,5
67,1549,5
68,2210,5
69,2729,5
70,2796,5
71,2804,5
72,2866,5
73,2888,5
74,2907,5
75,3105,5
76,3262,5
77,4344,5
78,4361,5
79,4400,5
80,494,4
81,621,4
82,664,4
83,711,4
84,1297,4
85,1456,4
86,2198,4
87,2413,4
88,2431,4
89,2532,4
90,2582,4
91,2649,4
92,2651,4
93,2653,4
94,2667,4
95,2682,4
96,2775,4
97,2780,4
98,2797,4
99,2801,4
100,2815,4
101,2835,4
102,2843,4
103,2871,4
104,2873,4
105,2971,4
106,3090,4
107,3151,4
108,4335,4
109,4345,4
110,4363,4
111,103,3
112,240,3
113,288,3
114,297,3
115,536,3
116,713,3
117,746,3
118,913,3
119,914,3
120,1126,3
121,1256,3
122,1924,3
123,2197,3
124,2199,3
125,2218,3
126,2367,3
127,2490,3
128,2492,3
129,2495,3
130,2499,3
131,2503,3
132,2504,3
133,2533,3
134,2536,3
135,2630,3
136,2633,3
137,2646,3
138,2650,3
139,2672,3
140,2673,3
141,2674,3
142,2686,3
143,2717,3
144,2731,3
145,2732,3
146,2755,3
147,2762,3
148,2768,3
149,2823,3
150,2829,3
151,2836,3
152,2874,3
153,2926,3
154,2928,3
155,2929,3
156,2948,3
157,2958,3
158,2960,3
159,2981,3
160,2997,3
161,3002,3
162,3024,3
163,3066,3
164,3076,3
165,3082,3
166,3084,3
167,3085,3
168,3086,3
169,3099,3
170,3103,3
171,3106,3
172,3107,3
173,3109,3
174,3110,3
175,3125,3
176,3130,3
177,3133,3
178,3137,3
179,3138,3
180,3176,3
181,3182,3
182,3184,3
183,3193,3
184,3195,3
185,3197,3
186,3203,3
187,3213,3
188,3228,3
189,3255,3
190,3265,3
191,3767,3
192,3806,3
193,4104,3
194,4156,3
195,4172,3
196,4205,3
197,4302,3
198,4319,3
199,4327,3
200,4358,3
201,4386,3
202,72,2
203,115,2
204,118,2
205,120,2
206,185,2
207,244,2
208,302,2
209,345,2
210,349,2
211,360,2
212,373,2
213,436,2
214,515,2
215,519,2
216,531,2
217,535,2
218,567,2
219,633,2
220,634,2
221,652,2
222,668,2
223,704,2
224,726,2
225,736,2
226,744,2
227,835,2
228,842,2
229,848,2
230,886,2
231,927,2
232,986,2
233,1012,2
234,1031,2
235,1042,2
236,1066,2
237,1116,2
238,1157,2
239,1232,2
240,1234,2
241,1271,2
242,1296,2
243,1434,2
244,1451,2
245,1500,2
246,1822,2
247,1993,2
248,2001,2
249,2029,2
250,2099,2
251,2142,2
252,2250,2
253,2263,2
254,2302,2
255,2307,2
256,2354,2
257,2376,2
258,2391,2
259,2424,2
260,2427,2
261,2451,2
262,2456,2
263,2477,2
264,2489,2
265,2496,2
266,2508,2
267,2524,2
268,2542,2
269,2557,2
270,2566,2
271,2570,2
272,2619,2
273,2658,2
274,2684,2
275,2685,2
276,2693,2
277,2730,2
278,2735,2
279,2737,2
280,2738,2
281,2748,2
282,2759,2
283,2766,2
284,2769,2
285,2822,2
286,2893,2
287,2898,2
288,2911,2
289,2924,2
290,2935,2
291,2945,2
292,2973,2
293,3100,2
294,3129,2
295,3288,2
296,3650,2
297,3698,2
298,3757,2
299,3779,2
300,3856,2
301,3876,2
302,3887,2
303,4072,2
304,4143,2
305,4147,2
306,4186,2
307,4201,2
308,4202,2
309,4324,2
310,4338,2
311,4354,2
312,4364,2
313,4374,2
314,4393,2
315,4405,2
316,4421,2
317,4436,2
318,18,1
319,24,1
320,34,1
321,50,1
322,54,1
323,61,1
324,70,1
325,89,1
326,92,1
327,95,1
328,99,1
329,102,1
330,107,1
331,108,1
332,119,1
333,122,1
334,123,1
335,132,1
336,136,1
337,137,1
338,139,1
339,143,1
340,154,1
341,162,1
342,195,1
343,202,1
344,228,1
345,230,1
346,234,1
347,238,1
348,248,1
349,262,1
350,263,1
351,265,1
352,267,1
353,271,1
354,278,1
355,279,1
356,285,1
357,290,1
358,293,1
359,295,1
360,305,1
361,319,1
362,320,1
363,321,1
364,324,1
365,327,1
366,330,1
367,331,1
368,336,1
369,342,1
370,356,1
371,357,1
372,358,1
373,359,1
374,361,1
375,367,1
376,371,1
377,374,1
378,381,1
379,382,1
380,385,1
381,390,1
382,393,1
383,405,1
384,407,1
385,413,1
386,416,1
387,423,1
388,444,1
389,445,1
390,447,1
391,449,1
392,459,1
393,474,1
394,475,1
395,477,1
396,503,1
397,513,1
398,532,1
399,554,1
400,599,1
401,615,1
402,653,1
403,655,1
404,656,1
405,665,1
406,676,1
407,678,1
408,698,1
409,702,1
410,705,1
411,706,1
412,729,1
413,734,1
414,740,1
415,764,1
416,766,1
417,773,1
418,774,1
419,776,1
420,788,1
421,796,1
422,808,1
423,814,1
424,817,1
425,819,1
426,821,1
427,829,1
428,830,1
429,853,1
430,855,1
431,861,1
432,862,1
433,864,1
434,868,1
435,870,1
436,875,1
437,876,1
438,879,1
439,880,1
440,884,1
441,887,1
442,918,1
443,919,1
444,922,1
445,928,1
446,938,1
447,942,1
448,946,1
449,949,1
450,951,1
451,954,1
452,971,1
453,972,1
454,973,1
455,976,1
456,978,1
457,991,1
458,993,1
459,1000,1
460,1002,1
461,1005,1
462,1015,1
463,1029,1
464,1032,1
465,1034,1
466,1035,1
467,1044,1
468,1053,1
469,1057,1
470,1060,1
471,1061,1
472,1064,1
473,1065,1
474,1069,1
475,1070,1
476,1083,1
477,1092,1
478,1114,1
479,1119,1
480,1123,1
481,1127,1
482,1130,1
483,1153,1
484,1154,1
485,1163,1
486,1192,1
487,1199,1
488,1201,1
489,1202,1
490,1216,1
491,1229,1
492,1255,1
493,1260,1
494,1264,1
495,1267,1
496,1268,1
497,1272,1
498,1281,1
499,1289,1
500,1292,1
501,1306,1
502,1314,1
503,1322,1
504,1333,1
505,1334,1
506,1345,1
507,1369,1
508,1370,1
509,1373,1
510,1376,1
511,1396,1
512,1397,1
513,1403,1
514,1409,1
515,1415,1
516,1429,1
517,1433,1
518,1439,1
519,1450,1
520,1454,1
521,1463,1
522,1473,1
523,1475,1
524,1491,1
525,1495,1
526,1501,1
527,1502,1
528,1524,1
529,1529,1
530,1550,1
531,1559,1
532,1564,1
533,1573,1
534,1574,1
535,1625,1
536,1626,1
537,1628,1
538,1629,1
539,1631,1
540,1632,1
541,1640,1
542,1689,1
543,1706,1
544,1720,1
545,1743,1
546,1746,1
547,1760,1
548,1773,1
549,1776,1
550,1784,1
551,1808,1
552,1823,1
553,1824,1
554,1867,1
555,1870,1
556,1890,1
557,1891,1
558,1892,1
559,1901,1
560,1923,1
561,1927,1
562,1977,1
563,1979,1
564,2006,1
565,2026,1
566,2030,1
567,2068,1
568,2075,1
569,2115,1
570,2117,1
571,2120,1
572,2134,1
573,2135,1
574,2143,1
575,2167,1
576,2175,1
577,2176,1
578,2200,1
579,2203,1
580,2208,1
581,2216,1
582,2219,1
583,2228,1
584,2234,1
585,2247,1
586,2251,1
587,2253,1
588,2258,1
589,2262,1
590,2266,1
591,2267,1
592,2277,1
593,2278,1
594,2279,1
595,2292,1
596,2300,1
597,2303,1
598,2306,1
599,2309,1
600,2315,1
601,2316,1
602,2347,1
603,2348,1
604,2357,1
605,2359,1
606,2363,1
607,2364,1
608,2372,1
609,2377,1
610,2378,1
611,2383,1
612,2389,1
613,2393,1
614,2395,1
615,2417,1
616,2430,1
617,2432,1
618,2433,1
619,2440,1
620,2441,1
621,2449,1
622,2450,1
623,2452,1
624,2453,1
625,2454,1
626,2455,1
627,2459,1
628,2460,1
629,2469,1
630,2478,1
631,2482,1
632,2484,1
633,2486,1
634,2487,1
635,2488,1
636,2493,1
637,2500,1
638,2509,1
639,2513,1
640,2514,1
641,2521,1
642,2522,1
643,2526,1
644,2531,1
645,2544,1
646,2550,1
647,2564,1
648,2568,1
649,2569,1
650,2574,1
651,2577,1
652,2579,1
653,2583,1
654,2587,1
655,2588,1
656,2627,1
657,2640,1
658,2643,1
659,2647,1
660,2659,1
661,2665,1
662,2670,1
663,2671,1
664,2678,1
665,2679,1
666,2694,1
667,2695,1
668,2703,1
669,2706,1
670,2707,1
671,2708,1
672,2712,1
673,2718,1
674,2724,1
675,2733,1
676,2736,1
677,2743,1
678,2744,1
679,2745,1
680,2747,1
681,2750,1
682,2761,1
683,2763,1
684,2764,1
685,2765,1
686,2770,1
687,2776,1
688,2778,1
689,2786,1
690,2788,1
691,2790,1
692,2792,1
693,2798,1
694,2803,1
695,2824,1
696,2845,1
697,2848,1
698,2858,1
699,2861,1
700,2869,1
701,2876,1
702,2878,1
703,2879,1
704,2882,1
705,2883,1
706,2884,1
707,2885,1
708,2891,1
709,2894,1
710,2910,1
711,2912,1
712,2913,1
713,2914,1
714,2920,1
715,2925,1
716,2933,1
717,2936,1
718,2940,1
719,2941,1
720,2950,1
721,2954,1
722,2956,1
723,2957,1
724,2963,1
725,2966,1
726,2967,1
727,2972,1
728,2975,1
729,2983,1
730,2990,1
731,2991,1
732,2993,1
733,2994,1
734,2996,1
735,3003,1
736,3012,1
737,3016,1
738,3022,1
739,3037,1
740,3039,1
741,3064,1
742,3065,1
743,3067,1
744,3068,1
745,3069,1
746,3089,1
747,3091,1
748,3092,1
749,3094,1
750,3095,1
751,3101,1
752,3104,1
753,3118,1
754,3120,1
755,3121,1
756,3122,1
757,3126,1
758,3127,1
759,3135,1
760,3136,1
761,3139,1
762,3149,1
763,3152,1
764,3157,1
765,3158,1
766,3159,1
767,3160,1
768,3169,1
769,3180,1
770,3181,1
771,3187,1
772,3189,1
773,3191,1
774,3196,1
775,3204,1
776,3210,1
777,3215,1
778,3217,1
779,3219,1
780,3222,1
781,3229,1
782,3230,1
783,3234,1
784,3235,1
785,3237,1
786,3238,1
787,3248,1
788,3250,1
789,3251,1
790,3252,1
791,3254,1
792,3261,1
793,3263,1
794,3267,1
795,3271,1
796,3282,1
797,3284,1
798,3286,1
799,3294,1
800,3301,1
801,3304,1
802,3307,1
803,3320,1
804,3326,1
805,3327,1
806,3328,1
807,3350,1
808,3359,1
809,3360,1
810,3373,1
811,3436,1
812,3437,1
813,3507,1
814,3514,1
815,3515,1
816,3516,1
817,3593,1
818,3642,1
819,3651,1
820,3701,1
821,3730,1
822,3731,1
823,3735,1
824,3741,1
825,3761,1
826,3765,1
827,3766,1
828,3770,1
829,3773,1
830,3780,1
831,3784,1
832,3786,1
833,3789,1
834,3805,1
835,3814,1
836,3838,1
837,3839,1
838,3841,1
839,3842,1
840,3843,1
841,3848,1
842,3850,1
843,3855,1
844,3864,1
845,3865,1
846,3881,1
847,3884,1
848,3885,1
849,3886,1
850,3888,1
851,3899,1
852,3903,1
853,3904,1
854,3905,1
855,3910,1
856,3911,1
857,3913,1
858,3914,1
859,3918,1
860,3943,1
861,3944,1
862,3962,1
863,3963,1
864,3979,1
865,3994,1
866,3995,1
867,4016,1
868,4018,1
869,4019,1
870,4046,1
871,4063,1
872,4064,1
873,4067,1
874,4070,1
875,4090,1
876,4096,1
877,4098,1
878,4100,1
879,4116,1
880,4117,1
881,4127,1
882,4131,1
883,4136,1
884,4142,1
885,4144,1
886,4150,1
887,4154,1
888,4157,1
889,4159,1
890,4162,1
891,4167,1
892,4171,1
893,4173,1
894,4175,1
895,4179,1
896,4180,1
897,4182,1
898,4187,1
899,4189,1
900,4190,1
901,4191,1
902,4195,1
903,4207,1
904,4322,1
905,4330,1
906,4334,1
907,4348,1
908,4349,1
909,4356,1
910,4365,1
911,4380,1
912,4387,1
913,4388,1
914,4389,1
915,4390,1
916,4394,1
917,4401,1
918,4404,1
919,4419,1
920,4422,1
921,4423,1
922,4425,1
923,4427,1
924,4431,1
925,4433,1
926,4435,1
927,4446,1
928,4449,1
929,4463,1
930,4520,1
931,4526,1
932,4527,1
933,4540,1
934,4541,1
935,4548,1
936,4574,1
937,4580,1
938,4584,1
939,4608,1
940,4632,1
941,4634,1
942,4635,1
943,4646,1
944,4662,1
945,4737,1
946,4738,1
947,4742,1
948,4774,1
949,4790,1
950,4818,1
951,0,0
952,1,0
953,2,0
954,3,0
955,4,0
956,5,0
957,6,0
958,7,0
959,8,0
960,9,0
961,10,0
962,11,0
963,12,0
964,13,0
965,14,0
966,15,0
967,16,0
968,17,0
969,19,0
970,20,0
971,21,0
972,22,0
973,23,0
974,25,0
975,26,0
976,27,0
977,28,0
978,29,0
979,30,0
980,31,0
981,32,0
982,33,0
983,35,0
984,36,0
985,37,0
986,38,0
987,39,0
988,40,0
989,41,0
990,42,0
991,43,0
992,44,0
993,45,0
994,46,0
995,47,0
996,48,0
997,49,0
998,51,0
999,52,0
1000,53,0
1001,55,0
1002,56,0
1003,57,0
1004,58,0
1005,59,0
1006,60,0
1007,62,0
1008,63,0
1009,64,0
1010,65,0
1011,66,0
1012,67,0
1013,68,0
1014,69,0
1015,71,0
1016,73,0
1017,74,0
1018,75,0
1019,76,0
1020,77,0
1021,78,0
1022,79,0
1023,80,0
1024,81,0
1025,82,0
1026,83,0
1027,84,0
1028,85,0
1029,86,0
1030,87,0
1031,88,0
1032,90,0
1033,91,0
1034,93,0
1035,94,0
1036,96,0
1037,97,0
1038,98,0
1039,100,0
1040,101,0
1041,104,0
1042,105,0
1043,106,0
1044,109,0
1045,110,0
1046,111,0
1047,112,0
1048,113,0
1049,114,0
1050,116,0
1051,117,0
1052,121,0
1053,124,0
1054,125,0
1055,126,0
1056,127,0
1057,128,0
1058,129,0
1059,130,0
1060,131,0
1061,133,0
1062,134,0
1063,135,0
1064,138,0
1065,140,0
1066,141,0
1067,142,0
1068,144,0
1069,145,0
1070,146,0
1071,147,0
1072,148,0
1073,149,0
1074,150,0
1075,151,0
1076,152,0
1077,153,0
1078,155,0
1079,156,0
1080,157,0
1081,158,0
1082,159,0
1083,160,0
1084,161,0
1085,163,0
1086,164,0
1087,165,0
1088,166,0
1089,167,0
1090,168,0
1091,169,0
1092,170,0
1093,171,0
1094,172,0
1095,173,0
1096,174,0
1097,175,0
1098,176,0
1099,177,0
1100,178,0
1101,179,0
1102,180,0
1103,181,0
1104,182,0
1105,183,0
1106,184,0
1107,186,0
1108,187,0
1109,188,0
1110,189,0
1111,190,0
1112,191,0
1113,192,0
1114,193,0
1115,194,0
1116,196,0
1117,197,0
1118,198,0
1119,199,0
1120,200,0
1121,201,0
1122,203,0
1123,204,0
1124,205,0
1125,206,0
1126,207,0
1127,208,0
1128,209,0
1129,210,0
1130,211,0
1131,212,0
1132,213,0
1133,214,0
1134,215,0
1135,216,0
1136,217,0
1137,218,0
1138,219,0
1139,220,0
1140,221,0
1141,222,0
1142,223,0
1143,224,0
1144,225,0
1145,226,0
1146,227,0
1147,229,0
1148,231,0
1149,232,0
1150,233,0
1151,235,0
1152,236,0
1153,239,0
1154,241,0
1155,242,0
1156,243,0
1157,245,0
1158,246,0
1159,247,0
1160,249,0
1161,250,0
1162,251,0
1163,252,0
1164,253,0
1165,254,0
1166,255,0
1167,256,0
1168,257,0
1169,258,0
1170,259,0
1171,266,0
1172,268,0
1173,269,0
1174,270,0
1175,272,0
1176,273,0
1177,274,0
1178,275,0
1179,277,0
1180,280,0
1181,281,0
1182,282,0
1183,283,0
1184,284,0
1185,287,0
1186,289,0
1187,291,0
1188,292,0
1189,294,0
1190,296,0
1191,299,0
1192,300,0
1193,301,0
1194,303,0
1195,304,0
1196,306,0
1197,307,0
1198,308,0
1199,309,0
1200,310,0
1201,311,0
1202,312,0
1203,313,0
1204,314,0
1205,315,0
1206,316,0
1207,317,0
1208,318,0
1209,322,0
1210,323,0
1211,325,0
1212,326,0
1213,328,0
1214,329,0
1215,332,0
1216,333,0
1217,334,0
1218,335,0
1219,337,0
1220,338,0
1221,339,0
1222,340,0
1223,341,0
1224,343,0
1225,344,0
1226,346,0
1227,347,0
1228,348,0
1229,350,0
1230,351,0
1231,352,0
1232,353,0
1233,354,0
1234,355,0
1235,362,0
1236,363,0
1237,364,0
1238,365,0
1239,366,0
1240,368,0
1241,369,0
1242,370,0
1243,372,0
1244,375,0
1245,376,0
1246,377,0
1247,378,0
1248,379,0
1249,380,0
1250,383,0
1251,384,0
1252,386,0
1253,387,0
1254,388,0
1255,389,0
1256,391,0
1257,392,0
1258,394,0
1259,395,0
1260,396,0
1261,397,0
1262,398,0
1263,399,0
1264,400,0
1265,401,0
1266,402,0
1267,403,0
1268,404,0
1269,406,0
1270,408,0
1271,409,0
1272,410,0
1273,411,0
1274,412,0
1275,414,0
1276,415,0
1277,417,0
1278,418,0
1279,419,0
1280,420,0
1281,421,0
1282,422,0
1283,424,0
1284,425,0
1285,426,0
1286,427,0
1287,428,0
1288,429,0
1289,430,0
1290,431,0
1291,432,0
1292,433,0
1293,434,0
1294,435,0
1295,437,0
1296,438,0
1297,439,0
1298,440,0
1299,441,0
1300,442,0
1301,443,0
1302,446,0
1303,448,0
1304,450,0
1305,451,0
1306,452,0
1307,453,0
1308,454,0
1309,455,0
1310,456,0
1311,457,0
1312,458,0
1313,460,0
1314,461,0
1315,462,0
1316,463,0
1317,464,0
1318,465,0
1319,466,0
1320,467,0
1321,468,0
1322,469,0
1323,470,0
1324,471,0
1325,472,0
1326,473,0
1327,476,0
1328,478,0
1329,479,0
1330,480,0
1331,481,0
1332,482,0
1333,483,0
1334,484,0
1335,485,0
1336,486,0
1337,487,0
1338,488,0
1339,489,0
1340,490,0
1341,491,0
1342,492,0
1343,493,0
1344,495,0
1345,496,0
1346,497,0
1347,498,0
1348,499,0
1349,500,0
1350,501,0
1351,502,0
1352,504,0
1353,505,0
1354,506,0
1355,507,0
1356,508,0
1357,509,0
1358,510,0
1359,511,0
1360,512,0
1361,514,0
1362,516,0
1363,517,0
1364,518,0
1365,520,0
1366,521,0
1367,522,0
1368,523,0
1369,524,0
1370,525,0
1371,526,0
1372,527,0
1373,528,0
1374,529,0
1375,530,0
1376,533,0
1377,534,0
1378,537,0
1379,538,0
1380,539,0
1381,540,0
1382,541,0
1383,542,0
1384,543,0
1385,544,0
1386,545,0
1387,546,0
1388,547,0
1389,548,0
1390,549,0
1391,550,0
1392,551,0
1393,552,0
1394,553,0
1395,555,0
1396,556,0
1397,557,0
1398,558,0
1399,559,0
1400,560,0
1401,561,0
1402,562,0
1403,563,0
1404,564,0
1405,565,0
1406,566,0
1407,568,0
1408,569,0
1409,570,0
1410,571,0
1411,572,0
1412,573,0
1413,574,0
1414,575,0
1415,576,0
1416,577,0
1417,578,0
1418,579,0
1419,580,0
1420,581,0
1421,582,0
1422,583,0
1423,584,0
1424,585,0
1425,586,0
1426,587,0
1427,588,0
1428,589,0
1429,590,0
1430,591,0
1431,592,0
1432,593,0
1433,594,0
1434,595,0
1435,596,0
1436,597,0
1437,598,0
1438,600,0
1439,601,0
1440,602,0
1441,603,0
1442,604,0
1443,605,0
1444,606,0
1445,607,0
1446,608,0
1447,609,0
1448,610,0
1449,611,0
1450,612,0
1451,613,0
1452,614,0
1453,616,0
1454,617,0
1455,618,0
1456,619,0
1457,620,0
1458,622,0
1459,623,0
1460,624,0
1461,625,0
1462,626,0
1463,627,0
1464,628,0
1465,629,0
1466,630,0
1467,631,0
1468,632,0
1469,635,0
1470,636,0
1471,637,0
1472,638,0
1473,639,0
1474,640,0
1475,641,0
1476,642,0
1477,643,0
1478,644,0
1479,645,0
1480,646,0
1481,647,0
1482,648,0
1483,649,0
1484,650,0
1485,651,0
1486,654,0
1487,657,0
1488,658,0
1489,659,0
1490,660,0
1491,661,0
1492,662,0
1493,663,0
1494,666,0
1495,667,0
1496,669,0
1497,670,0
1498,671,0
1499,672,0
1500,673,0
1501,674,0
1502,675,0
1503,677,0
1504,679,0
1505,680,0
1506,681,0
1507,682,0
1508,683,0
1509,684,0
1510,685,0
1511,686,0
1512,687,0
1513,688,0
1514,689,0
1515,690,0
1516,691,0
1517,692,0
1518,693,0
1519,694,0
1520,695,0
1521,696,0
1522,697,0
1523,699,0
1524,700,0
1525,701,0
1526,703,0
1527,707,0
1528,708,0
1529,709,0
1530,710,0
1531,712,0
1532,714,0
1533,715,0
1534,716,0
1535,717,0
1536,718,0
1537,719,0
1538,720,0
1539,721,0
1540,722,0
1541,723,0
1542,724,0
1543,725,0
1544,727,0
1545,728,0
1546,730,0
1547,731,0
1548,732,0
1549,733,0
1550,735,0
1551,737,0
1552,738,0
1553,739,0
1554,741,0
1555,742,0
1556,743,0
1557,745,0
1558,747,0
1559,748,0
1560,749,0
1561,750,0
1562,751,0
1563,752,0
1564,753,0
1565,754,0
1566,755,0
1567,756,0
1568,757,0
1569,758,0
1570,759,0
1571,760,0
1572,761,0
1573,762,0
1574,763,0
1575,765,0
1576,767,0
1577,768,0
1578,769,0
1579,770,0
1580,771,0
1581,772,0
1582,775,0
1583,777,0
1584,778,0
1585,779,0
1586,780,0
1587,781,0
1588,782,0
1589,783,0
1590,784,0
1591,785,0
1592,786,0
1593,787,0
1594,789,0
1595,790,0
1596,791,0
1597,792,0
1598,793,0
1599,794,0
1600,795,0
1601,797,0
1602,798,0
1603,799,0
1604,800,0
1605,801,0
1606,802,0
1607,803,0
1608,804,0
1609,805,0
1610,806,0
1611,807,0
1612,809,0
1613,810,0
1614,811,0
1615,812,0
1616,813,0
1617,815,0
1618,816,0
1619,818,0
1620,820,0
1621,822,0
1622,823,0
1623,824,0
1624,825,0
1625,826,0
1626,827,0
1627,828,0
1628,831,0
1629,832,0
1630,833,0
1631,834,0
1632,836,0
1633,837,0
1634,838,0
1635,839,0
1636,840,0
1637,841,0
1638,843,0
1639,844,0
1640,845,0
1641,846,0
1642,847,0
1643,849,0
1644,850,0
1645,851,0
1646,852,0
1647,854,0
1648,856,0
1649,857,0
1650,858,0
1651,859,0
1652,860,0
1653,863,0
1654,865,0
1655,866,0
1656,867,0
1657,869,0
1658,871,0
1659,872,0
1660,873,0
1661,874,0
1662,877,0
1663,878,0
1664,881,0
1665,882,0
1666,883,0
1667,885,0
1668,888,0
1669,889,0
1670,890,0
1671,891,0
1672,892,0
1673,893,0
1674,894,0
1675,895,0
1676,896,0
1677,897,0
1678,898,0
1679,899,0
1680,900,0
1681,901,0
1682,902,0
1683,903,0
1684,904,0
1685,905,0
1686,906,0
1687,907,0
1688,908,0
1689,909,0
1690,910,0
1691,911,0
1692,912,0
1693,915,0
1694,916,0
1695,917,0
1696,920,0
1697,921,0
1698,923,0
1699,924,0
1700,925,0
1701,926,0
1702,929,0
1703,930,0
1704,931,0
1705,932,0
1706,933,0
1707,934,0
1708,935,0
1709,936,0
1710,937,0
1711,939,0
1712,940,0
1713,941,0
1714,943,0
1715,944,0
1716,945,0
1717,947,0
1718,948,0
1719,950,0
1720,952,0
1721,953,0
1722,955,0
1723,956,0
1724,957,0
1725,958,0
1726,959,0
1727,960,0
1728,961,0
1729,962,0
1730,963,0
1731,964,0
1732,965,0
1733,966,0
1734,967,0
1735,968,0
1736,969,0
1737,970,0
1738,974,0
1739,975,0
1740,977,0
1741,979,0
1742,980,0
1743,981,0
1744,982,0
1745,983,0
1746,984,0
1747,985,0
1748,987,0
1749,988,0
1750,989,0
1751,990,0
1752,992,0
1753,994,0
1754,995,0
1755,996,0
1756,997,0
1757,998,0
1758,999,0
1759,1001,0
1760,1003,0
1761,1004,0
1762,1006,0
1763,1007,0
1764,1008,0
1765,1009,0
1766,1010,0
1767,1011,0
1768,1013,0
1769,1014,0
1770,1016,0
1771,1017,0
1772,1018,0
1773,1019,0
1774,1020,0
1775,1021,0
1776,1022,0
1777,1023,0
1778,1024,0
1779,1025,0
1780,1026,0
1781,1027,0
1782,1028,0
1783,1030,0
1784,1033,0
1785,1036,0
1786,1037,0
1787,1038,0
1788,1039,0
1789,1040,0
1790,1041,0
1791,1043,0
1792,1045,0
1793,1046,0
1794,1047,0
1795,1048,0
1796,1049,0
1797,1050,0
1798,1051,0
1799,1052,0
1800,1054,0
1801,1055,0
1802,1056,0
1803,1058,0
1804,1059,0
1805,1062,0
1806,1063,0
1807,1067,0
1808,1068,0
1809,1071,0
1810,1072,0
1811,1073,0
1812,1074,0
1813,1075,0
1814,1076,0
1815,1077,0
1816,1078,0
1817,1079,0
1818,1080,0
1819,1081,0
1820,1082,0
1821,1084,0
1822,1085,0
1823,1086,0
1824,1087,0
1825,1088,0
1826,1089,0
1827,1090,0
1828,1091,0
1829,1093,0
1830,1094,0
1831,1095,0
1832,1096,0
1833,1097,0
1834,1098,0
1835,1099,0
1836,1100,0
1837,1101,0
1838,1102,0
1839,1103,0
1840,1104,0
1841,1105,0
1842,1106,0
1843,1107,0
1844,1108,0
1845,1109,0
1846,1110,0
1847,1111,0
1848,1112,0
1849,1113,0
1850,1115,0
1851,1117,0
1852,1118,0
1853,1120,0
1854,1121,0
1855,1122,0
1856,1124,0
1857,1125,0
1858,1128,0
1859,1129,0
1860,1131,0
1861,1132,0
1862,1133,0
1863,1134,0
1864,1135,0
1865,1136,0
1866,1137,0
1867,1138,0
1868,1139,0
1869,1140,0
1870,1141,0
1871,1142,0
1872,1143,0
1873,1144,0
1874,1145,0
1875,1146,0
1876,1147,0
1877,1148,0
1878,1149,0
1879,1150,0
1880,1151,0
1881,1152,0
1882,1155,0
1883,1156,0
1884,1158,0
1885,1159,0
1886,1160,0
1887,1161,0
1888,1162,0
1889,1164,0
1890,1165,0
1891,1166,0
1892,1167,0
1893,1168,0
1894,1169,0
1895,1170,0
1896,1171,0
1897,1172,0
1898,1173,0
1899,1174,0
1900,1175,0
1901,1176,0
1902,1177,0
1903,1178,0
1904,1179,0
1905,1180,0
1906,1181,0
1907,1182,0
1908,1183,0
1909,1184,0
1910,1185,0
1911,1186,0
1912,1187,0
1913,1188,0
1914,1189,0
1915,1190,0
1916,1191,0
1917,1193,0
1918,1194,0
1919,1195,0
1920,1196,0
1921,1197,0
1922,1198,0
1923,1200,0
1924,1203,0
1925,1204,0
1926,1205,0
1927,1206,0
1928,1207,0
1929,1208,0
1930,1209,0
1931,1210,0
1932,1211,0
1933,1212,0
1934,1213,0
1935,1214,0
1936,1215,0
1937,1217,0
1938,1218,0
1939,1219,0
1940,1220,0
1941,1221,0
1942,1222,0
1943,1223,0
1944,1224,0
1945,1225,0
1946,1226,0
1947,1227,0
1948,1228,0
1949,1230,0
1950,1231,0
1951,1233,0
1952,1235,0
1953,1236,0
1954,1237,0
1955,1238,0
1956,1239,0
1957,1240,0
1958,1241,0
1959,1242,0
1960,1243,0
1961,1244,0
1962,1245,0
1963,1246,0
1964,1247,0
1965,1248,0
1966,1249,0
1967,1250,0
1968,1251,0
1969,1252,0
1970,1253,0
1971,1254,0
1972,1257,0
1973,1258,0
1974,1259,0
1975,1261,0
1976,1262,0
1977,1263,0
1978,1265,0
1979,1266,0
1980,1269,0
1981,1270,0
1982,1273,0
1983,1274,0
1984,1275,0
1985,1276,0
1986,1277,0
1987,1278,0
1988,1279,0
1989,1280,0
1990,1282,0
1991,1283,0
1992,1284,0
1993,1285,0
1994,1286,0
1995,1287,0
1996,1288,0
1997,1290,0
1998,1291,0
1999,1293,0
2000,1294,0
2001,1295,0
2002,1298,0
2003,1299,0
2004,1300,0
2005,1301,0
2006,1302,0
2007,1303,0
2008,1304,0
2009,1305,0
2010,1307,0
2011,1308,0
2012,1309,0
2013,1310,0
2014,1311,0
2015,1312,0
2016,1313,0
2017,1315,0
2018,1316,0
2019,1317,0
2020,1319,0
2021,1320,0
2022,1321,0
2023,1323,0
2024,1324,0
2025,1325,0
2026,1326,0
2027,1327,0
2028,1328,0
2029,1329,0
2030,1330,0
2031,1331,0
2032,1332,0
2033,1335,0
2034,1336,0
2035,1337,0
2036,1338,0
2037,1339,0
2038,1340,0
2039,1341,0
2040,1342,0
2041,1343,0
2042,1344,0
2043,1346,0
2044,1347,0
2045,1348,0
2046,1349,0
2047,1350,0
2048,1351,0
2049,1352,0
2050,1353,0
2051,1354,0
2052,1355,0
2053,1356,0
2054,1357,0
2055,1358,0
2056,1359,0
2057,1360,0
2058,1361,0
2059,1362,0
2060,1363,0
2061,1364,0
2062,1365,0
2063,1366,0
2064,1367,0
2065,1368,0
2066,1371,0
2067,1372,0
2068,1374,0
2069,1375,0
2070,1377,0
2071,1378,0
2072,1379,0
2073,1380,0
2074,1381,0
2075,1382,0
2076,1383,0
2077,1384,0
2078,1385,0
2079,1386,0
2080,1387,0
2081,1388,0
2082,1389,0
2083,1390,0
2084,1391,0
2085,1392,0
2086,1393,0
2087,1394,0
2088,1395,0
2089,1398,0
2090,1399,0
2091,1400,0
2092,1401,0
2093,1402,0
2094,1404,0
2095,1405,0
2096,1406,0
2097,1407,0
2098,1408,0
2099,1410,0
2100,1411,0
2101,1412,0
2102,1413,0
2103,1414,0
2104,1416,0
2105,1417,0
2106,1418,0
2107,1419,0
2108,1420,0
2109,1421,0
2110,1422,0
2111,1423,0
2112,1424,0
2113,1425,0
2114,1426,0
2115,1427,0
2116,1428,0
2117,1430,0
2118,1431,0
2119,1432,0
2120,1435,0
2121,1436,0
2122,1437,0
2123,1438,0
2124,1440,0
2125,1441,0
2126,1442,0
2127,1443,0
2128,1444,0
2129,1445,0
2130,1446,0
2131,1447,0
2132,1448,0
2133,1449,0
2134,1452,0
2135,1453,0
2136,1455,0
2137,1457,0
2138,1458,0
2139,1459,0
2140,1460,0
2141,1461,0
2142,1462,0
2143,1464,0
2144,1465,0
2145,1466,0
2146,1467,0
2147,1468,0
2148,1469,0
2149,1470,0
2150,1471,0
2151,1472,0
2152,1474,0
2153,1476,0
2154,1477,0
2155,1478,0
2156,1479,0
2157,1480,0
2158,1481,0
2159,1482,0
2160,1483,0
2161,1484,0
2162,1485,0
2163,1486,0
2164,1487,0
2165,1488,0
2166,1489,0
2167,1490,0
2168,1492,0
2169,1493,0
2170,1494,0
2171,1496,0
2172,1497,0
2173,1498,0
2174,1499,0
2175,1503,0
2176,1504,0
2177,1505,0
2178,1506,0
2179,1507,0
2180,1508,0
2181,1509,0
2182,1510,0
2183,1511,0
2184,1512,0
2185,1513,0
2186,1514,0
2187,1515,0
2188,1516,0
2189,1517,0
2190,1518,0
2191,1519,0
2192,1520,0
2193,1521,0
2194,1522,0
2195,1523,0
2196,1525,0
2197,1526,0
2198,1527,0
2199,1528,0
2200,1530,0
2201,1531,0
2202,1532,0
2203,1533,0
2204,1534,0
2205,1535,0
2206,1536,0
2207,1537,0
2208,1538,0
2209,1539,0
2210,1540,0
2211,1541,0
2212,1542,0
2213,1543,0
2214,1544,0
2215,1545,0
2216,1546,0
2217,1547,0
2218,1548,0
2219,1551,0
2220,1552,0
2221,1553,0
2222,1554,0
2223,1555,0
2224,1556,0
2225,1557,0
2226,1558,0
2227,1560,0
2228,1561,0
2229,1562,0
2230,1563,0
2231,1565,0
2232,1566,0
2233,1567,0
2234,1568,0
2235,1569,0
2236,1570,0
2237,1571,0
2238,1572,0
2239,1575,0
2240,1576,0
2241,1577,0
2242,1578,0
2243,1579,0
2244,1580,0
2245,1581,0
2246,1582,0
2247,1583,0
2248,1584,0
2249,1585,0
2250,1586,0
2251,1587,0
2252,1588,0
2253,1589,0
2254,1590,0
2255,1591,0
2256,1592,0
2257,1593,0
2258,1594,0
2259,1595,0
2260,1596,0
2261,1597,0
2262,1598,0
2263,1599,0
2264,1600,0
2265,1601,0
2266,1602,0
2267,1603,0
2268,1604,0
2269,1605,0
2270,1606,0
2271,1607,0
2272,1608,0
2273,1609,0
2274,1610,0
2275,1611,0
2276,1612,0
2277,1613,0
2278,1614,0
2279,1615,0
2280,1616,0
2281,1617,0
2282,1618,0
2283,1619,0
2284,1620,0
2285,1621,0
2286,1622,0
2287,1623,0
2288,1624,0
2289,1627,0
2290,1630,0
2291,1633,0
2292,1634,0
2293,1635,0
2294,1636,0
2295,1637,0
2296,1638,0
2297,1639,0
2298,1641,0
2299,1642,0
2300,1643,0
2301,1644,0
2302,1645,0
2303,1646,0
2304,1647,0
2305,1648,0
2306,1649,0
2307,1650,0
2308,1651,0
2309,1652,0
2310,1653,0
2311,1654,0
2312,1655,0
2313,1656,0
2314,1657,0
2315,1658,0
2316,1659,0
2317,1660,0
2318,1661,0
2319,1662,0
2320,1663,0
2321,1664,0
2322,1665,0
2323,1666,0
2324,1667,0
2325,1668,0
2326,1669,0
2327,1670,0
2328,1671,0
2329,1672,0
2330,1673,0
2331,1674,0
2332,1675,0
2333,1676,0
2334,1677,0
2335,1678,0
2336,1679,0
2337,1680,0
2338,1681,0
2339,1682,0
2340,1683,0
2341,1684,0
2342,1685,0
2343,1686,0
2344,1687,0
2345,1688,0
2346,1690,0
2347,1691,0
2348,1692,0
2349,1693,0
2350,1694,0
2351,1695,0
2352,1696,0
2353,1697,0
2354,1698,0
2355,1699,0
2356,1700,0
2357,1701,0
2358,1702,0
2359,1703,0
2360,1704,0
2361,1705,0
2362,1707,0
2363,1708,0
2364,1709,0
2365,1710,0
2366,1711,0
2367,1712,0
2368,1713,0
2369,1714,0
2370,1715,0
2371,1716,0
2372,1717,0
2373,1718,0
2374,1719,0
2375,1721,0
2376,1722,0
2377,1723,0
2378,1724,0
2379,1725,0
2380,1726,0
2381,1727,0
2382,1728,0
2383,1729,0
2384,1730,0
2385,1731,0
2386,1732,0
2387,1733,0
2388,1734,0
2389,1735,0
2390,1736,0
2391,1737,0
2392,1738,0
2393,1739,0
2394,1740,0
2395,1741,0
2396,1742,0
2397,1744,0
2398,1745,0
2399,1747,0
2400,1748,0
2401,1749,0
2402,1750,0
2403,1751,0
2404,1752,0
2405,1753,0
2406,1754,0
2407,1755,0
2408,1756,0
2409,1757,0
2410,1758,0
2411,1759,0
2412,1761,0
2413,1762,0
2414,1763,0
2415,1764,0
2416,1765,0
2417,1766,0
2418,1767,0
2419,1768,0
2420,1769,0
2421,1770,0
2422,1771,0
2423,1772,0
2424,1774,0
2425,1775,0
2426,1777,0
2427,1778,0
2428,1779,0
2429,1780,0
2430,1781,0
2431,1782,0
2432,1783,0
2433,1785,0
2434,1786,0
2435,1787,0
2436,1788,0
2437,1789,0
2438,1790,0
2439,1791,0
2440,1792,0
2441,1793,0
2442,1794,0
2443,1795,0
2444,1796,0
2445,1797,0
2446,1798,0
2447,1799,0
2448,1800,0
2449,1801,0
2450,1802,0
2451,1803,0
2452,1804,0
2453,1805,0
2454,1806,0
2455,1807,0
2456,1809,0
2457,1810,0
2458,1811,0
2459,1812,0
2460,1813,0
2461,1814,0
2462,1815,0
2463,1816,0
2464,1817,0
2465,1818,0
2466,1819,0
2467,1820,0
2468,1821,0
2469,1825,0
2470,1826,0
2471,1827,0
2472,1828,0
2473,1829,0
2474,1830,0
2475,1831,0
2476,1832,0
2477,1833,0
2478,1834,0
2479,1835,0
2480,1836,0
2481,1837,0
2482,1838,0
2483,1839,0
2484,1840,0
2485,1841,0
2486,1842,0
2487,1843,0
2488,1844,0
2489,1845,0
2490,1846,0
2491,1847,0
2492,1848,0
2493,1849,0
2494,1850,0
2495,1851,0
2496,1852,0
2497,1853,0
2498,1854,0
2499,1855,0
2500,1856,0
2501,1857,0
2502,1858,0
2503,1859,0
2504,1860,0
2505,1861,0
2506,1862,0
2507,1863,0
2508,1864,0
2509,1865,0
2510,1866,0
2511,1868,0
2512,1869,0
2513,1871,0
2514,1872,0
2515,1873,0
2516,1874,0
2517,1875,0
2518,1876,0
2519,1877,0
2520,1878,0
2521,1879,0
2522,1880,0
2523,1881,0
2524,1882,0
2525,1883,0
2526,1884,0
2527,1885,0
2528,1886,0
2529,1887,0
2530,1888,0
2531,1889,0
2532,1893,0
2533,1894,0
2534,1895,0
2535,1896,0
2536,1897,0
2537,1898,0
2538,1899,0
2539,1900,0
2540,1902,0
2541,1903,0
2542,1904,0
2543,1905,0
2544,1906,0
2545,1907,0
2546,1908,0
2547,1909,0
2548,1910,0
2549,1911,0
2550,1912,0
2551,1913,0
2552,1914,0
2553,1915,0
2554,1916,0
2555,1917,0
2556,1918,0
2557,1919,0
2558,1920,0
2559,1921,0
2560,1922,0
2561,1925,0
2562,1926,0
2563,1928,0
2564,1929,0
2565,1930,0
2566,1931,0
2567,1932,0
2568,1933,0
2569,1934,0
2570,1935,0
2571,1936,0
2572,1937,0
2573,1938,0
2574,1939,0
2575,1940,0
2576,1941,0
2577,1942,0
2578,1943,0
2579,1944,0
2580,1945,0
2581,1946,0
2582,1947,0
2583,1948,0
2584,1949,0
2585,1950,0
2586,1951,0
2587,1952,0
2588,1953,0
2589,1954,0
2590,1955,0
2591,1956,0
2592,1957,0
2593,1958,0
2594,1959,0
2595,1960,0
2596,1961,0
2597,1962,0
2598,1963,0
2599,1964,0
2600,1965,0
2601,1966,0
2602,1967,0
2603,1968,0
2604,1969,0
2605,1970,0
2606,1971,0
2607,1972,0
2608,1973,0
2609,1974,0
2610,1975,0
2611,1976,0
2612,1978,0
2613,1980,0
2614,1981,0
2615,1982,0
2616,1983,0
2617,1984,0
2618,1985,0
2619,1986,0
2620,1987,0
2621,1988,0
2622,1989,0
2623,1990,0
2624,1991,0
2625,1992,0
2626,1994,0
2627,1995,0
2628,1996,0
2629,1997,0
2630,1998,0
2631,1999,0
2632,2000,0
2633,2002,0
2634,2003,0
2635,2004,0
2636,2005,0
2637,2007,0
2638,2008,0
2639,2009,0
2640,2010,0
2641,2011,0
2642,2012,0
2643,2013,0
2644,2014,0
2645,2015,0
2646,2016,0
2647,2017,0
2648,2018,0
2649,2019,0
2650,2020,0
2651,2021,0
2652,2022,0
2653,2023,0
2654,2024,0
2655,2025,0
2656,2027,0
2657,2028,0
2658,2031,0
2659,2032,0
2660,2033,0
2661,2034,0
2662,2035,0
2663,2036,0
2664,2037,0
2665,2038,0
2666,2039,0
2667,2040,0
2668,2041,0
2669,2042,0
2670,2043,0
2671,2044,0
2672,2045,0
2673,2046,0
2674,2047,0
2675,2048,0
2676,2049,0
2677,2050,0
2678,2051,0
2679,2052,0
2680,2053,0
2681,2054,0
2682,2055,0
2683,2056,0
2684,2057,0
2685,2058,0
2686,2059,0
2687,2060,0
2688,2061,0
2689,2062,0
2690,2063,0
2691,2064,0
2692,2065,0
2693,2066,0
2694,2067,0
2695,2069,0
2696,2070,0
2697,2071,0
2698,2072,0
2699,2073,0
2700,2074,0
2701,2076,0
2702,2077,0
2703,2078,0
2704,2079,0
2705,2080,0
2706,2081,0
2707,2082,0
2708,2083,0
2709,2084,0
2710,2085,0
2711,2086,0
2712,2087,0
2713,2088,0
2714,2089,0
2715,2090,0
2716,2091,0
2717,2092,0
2718,2093,0
2719,2094,0
2720,2095,0
2721,2096,0
2722,2097,0
2723,2098,0
2724,2100,0
2725,2101,0
2726,2102,0
2727,2103,0
2728,2104,0
2729,2105,0
2730,2106,0
2731,2107,0
2732,2108,0
2733,2109,0
2734,2110,0
2735,2111,0
2736,2112,0
2737,2113,0
2738,2114,0
2739,2116,0
2740,2118,0
2741,2119,0
2742,2121,0
2743,2122,0
2744,2123,0
2745,2124,0
2746,2125,0
2747,2126,0
2748,2127,0
2749,2128,0
2750,2129,0
2751,2130,0
2752,2131,0
2753,2132,0
2754,2133,0
2755,2136,0
2756,2137,0
2757,2138,0
2758,2139,0
2759,2140,0
2760,2141,0
2761,2144,0
2762,2145,0
2763,2146,0
2764,2147,0
2765,2148,0
2766,2149,0
2767,2150,0
2768,2151,0
2769,2152,0
2770,2153,0
2771,2154,0
2772,2155,0
2773,2156,0
2774,2157,0
2775,2158,0
2776,2159,0
2777,2160,0
2778,2161,0
2779,2162,0
2780,2163,0
2781,2164,0
2782,2165,0
2783,2166,0
2784,2168,0
2785,2169,0
2786,2170,0
2787,2171,0
2788,2172,0
2789,2173,0
2790,2174,0
2791,2177,0
2792,2178,0
2793,2179,0
2794,2180,0
2795,2181,0
2796,2182,0
2797,2183,0
2798,2184,0
2799,2185,0
2800,2186,0
2801,2187,0
2802,2188,0
2803,2189,0
2804,2190,0
2805,2191,0
2806,2192,0
2807,2193,0
2808,2194,0
2809,2195,0
2810,2196,0
2811,2201,0
2812,2202,0
2813,2204,0
2814,2205,0
2815,2206,0
2816,2207,0
2817,2209,0
2818,2211,0
2819,2212,0
2820,2213,0
2821,2214,0
2822,2215,0
2823,2217,0
2824,2220,0
2825,2221,0
2826,2222,0
2827,2223,0
2828,2224,0
2829,2225,0
2830,2226,0
2831,2227,0
2832,2229,0
2833,2230,0
2834,2231,0
2835,2232,0
2836,2233,0
2837,2235,0
2838,2236,0
2839,2237,0
2840,2238,0
2841,2239,0
2842,2240,0
2843,2241,0
2844,2242,0
2845,2243,0
2846,2244,0
2847,2245,0
2848,2246,0
2849,2248,0
2850,2249,0
2851,2252,0
2852,2254,0
2853,2255,0
2854,2256,0
2855,2257,0
2856,2259,0
2857,2260,0
2858,2261,0
2859,2264,0
2860,2265,0
2861,2268,0
2862,2269,0
2863,2270,0
2864,2271,0
2865,2272,0
2866,2273,0
2867,2274,0
2868,2275,0
2869,2276,0
2870,2280,0
2871,2281,0
2872,2282,0
2873,2283,0
2874,2284,0
2875,2285,0
2876,2286,0
2877,2287,0
2878,2288,0
2879,2289,0
2880,2290,0
2881,2291,0
2882,2293,0
2883,2294,0
2884,2295,0
2885,2296,0
2886,2297,0
2887,2298,0
2888,2299,0
2889,2301,0
2890,2304,0
2891,2305,0
2892,2308,0
2893,2310,0
2894,2311,0
2895,2312,0
2896,2313,0
2897,2314,0
2898,2317,0
2899,2318,0
2900,2319,0
2901,2320,0
2902,2321,0
2903,2322,0
2904,2323,0
2905,2324,0
2906,2325,0
2907,2326,0
2908,2327,0
2909,2328,0
2910,2329,0
2911,2330,0
2912,2331,0
2913,2332,0
2914,2333,0
2915,2334,0
2916,2335,0
2917,2336,0
2918,2337,0
2919,2338,0
2920,2339,0
2921,2340,0
2922,2341,0
2923,2342,0
2924,2343,0
2925,2344,0
2926,2345,0
2927,2346,0
2928,2349,0
2929,2350,0
2930,2351,0
2931,2352,0
2932,2353,0
2933,2355,0
2934,2356,0
2935,2358,0
2936,2360,0
2937,2361,0
2938,2362,0
2939,2365,0
2940,2366,0
2941,2368,0
2942,2369,0
2943,2370,0
2944,2371,0
2945,2373,0
2946,2374,0
2947,2375,0
2948,2379,0
2949,2380,0
2950,2381,0
2951,2382,0
2952,2384,0
2953,2385,0
2954,2386,0
2955,2387,0
2956,2388,0
2957,2390,0
2958,2392,0
2959,2394,0
2960,2396,0
2961,2397,0
2962,2398,0
2963,2399,0
2964,2400,0
2965,2401,0
2966,2402,0
2967,2403,0
2968,2404,0
2969,2405,0
2970,2406,0
2971,2407,0
2972,2408,0
2973,2409,0
2974,2410,0
2975,2411,0
2976,2412,0
2977,2414,0
2978,2415,0
2979,2416,0
2980,2418,0
2981,2419,0
2982,2420,0
2983,2421,0
2984,2422,0
2985,2423,0
2986,2425,0
2987,2426,0
2988,2428,0
2989,2429,0
2990,2434,0
2991,2435,0
2992,2436,0
2993,2437,0
2994,2438,0
2995,2439,0
2996,2442,0
2997,2443,0
2998,2444,0
2999,2445,0
3000,2446,0
3001,2447,0
3002,2448,0
3003,2457,0
3004,2458,0
3005,2461,0
3006,2462,0
3007,2463,0
3008,2464,0
3009,2465,0
3010,2466,0
3011,2467,0
3012,2468,0
3013,2470,0
3014,2471,0
3015,2472,0
3016,2473,0
3017,2474,0
3018,2475,0
3019,2476,0
3020,2479,0
3021,2480,0
3022,2481,0
3023,2483,0
3024,2485,0
3025,2497,0
3026,2498,0
3027,2501,0
3028,2505,0
3029,2506,0
3030,2507,0
3031,2510,0
3032,2511,0
3033,2512,0
3034,2515,0
3035,2516,0
3036,2517,0
3037,2518,0
3038,2519,0
3039,2520,0
3040,2523,0
3041,2525,0
3042,2527,0
3043,2528,0
3044,2529,0
3045,2530,0
3046,2534,0
3047,2535,0
3048,2537,0
3049,2538,0
3050,2539,0
3051,2540,0
3052,2541,0
3053,2545,0
3054,2546,0
3055,2547,0
3056,2548,0
3057,2549,0
3058,2551,0
3059,2552,0
3060,2553,0
3061,2555,0
3062,2556,0
3063,2558,0
3064,2559,0
3065,2560,0
3066,2561,0
3067,2562,0
3068,2563,0
3069,2565,0
3070,2567,0
3071,2571,0
3072,2572,0
3073,2573,0
3074,2575,0
3075,2576,0
3076,2578,0
3077,2580,0
3078,2581,0
3079,2584,0
3080,2585,0
3081,2586,0
3082,2589,0
3083,2590,0
3084,2591,0
3085,2592,0
3086,2593,0
3087,2594,0
3088,2595,0
3089,2596,0
3090,2597,0
3091,2598,0
3092,2599,0
3093,2600,0
3094,2601,0
3095,2602,0
3096,2603,0
3097,2604,0
3098,2605,0
3099,2606,0
3100,2607,0
3101,2608,0
3102,2609,0
3103,2610,0
3104,2611,0
3105,2612,0
3106,2613,0
3107,2614,0
3108,2615,0
3109,2616,0
3110,2617,0
3111,2618,0
3112,2620,0
3113,2621,0
3114,2622,0
3115,2623,0
3116,2625,0
3117,2626,0
3118,2628,0
3119,2629,0
3120,2631,0
3121,2632,0
3122,2634,0
3123,2635,0
3124,2636,0
3125,2637,0
3126,2638,0
3127,2639,0
3128,2641,0
3129,2642,0
3130,2644,0
3131,2645,0
3132,2648,0
3133,2652,0
3134,2654,0
3135,2655,0
3136,2656,0
3137,2657,0
3138,2660,0
3139,2661,0
3140,2662,0
3141,2663,0
3142,2664,0
3143,2666,0
3144,2668,0
3145,2669,0
3146,2675,0
3147,2676,0
3148,2677,0
3149,2680,0
3150,2683,0
3151,2687,0
3152,2688,0
3153,2689,0
3154,2690,0
3155,2691,0
3156,2692,0
3157,2696,0
3158,2698,0
3159,2699,0
3160,2700,0
3161,2701,0
3162,2702,0
3163,2704,0
3164,2709,0
3165,2710,0
3166,2713,0
3167,2714,0
3168,2715,0
3169,2716,0
3170,2719,0
3171,2720,0
3172,2721,0
3173,2722,0
3174,2723,0
3175,2725,0
3176,2726,0
3177,2727,0
3178,2728,0
3179,2734,0
3180,2739,0
3181,2740,0
3182,2741,0
3183,2742,0
3184,2746,0
3185,2751,0
3186,2752,0
3187,2753,0
3188,2756,0
3189,2757,0
3190,2758,0
3191,2760,0
3192,2767,0
3193,2771,0
3194,2772,0
3195,2773,0
3196,2777,0
3197,2779,0
3198,2781,0
3199,2782,0
3200,2783,0
3201,2784,0
3202,2785,0
3203,2787,0
3204,2789,0
3205,2791,0
3206,2793,0
3207,2799,0
3208,2800,0
3209,2802,0
3210,2805,0
3211,2806,0
3212,2807,0
3213,2808,0
3214,2811,0
3215,2812,0
3216,2813,0
3217,2814,0
3218,2816,0
3219,2817,0
3220,2818,0
3221,2819,0
3222,2820,0
3223,2821,0
3224,2825,0
3225,2826,0
3226,2827,0
3227,2828,0
3228,2830,0
3229,2831,0
3230,2832,0
3231,2837,0
3232,2839,0
3233,2840,0
3234,2841,0
3235,2842,0
3236,2844,0
3237,2846,0
3238,2847,0
3239,2849,0
3240,2850,0
3241,2851,0
3242,2852,0
3243,2853,0
3244,2854,0
3245,2855,0
3246,2856,0
3247,2857,0
3248,2859,0
3249,2860,0
3250,2862,0
3251,2863,0
3252,2864,0
3253,2865,0
3254,2867,0
3255,2868,0
3256,2870,0
3257,2872,0
3258,2877,0
3259,2880,0
3260,2881,0
3261,2886,0
3262,2887,0
3263,2889,0
3264,2890,0
3265,2895,0
3266,2896,0
3267,2897,0
3268,2899,0
3269,2901,0
3270,2902,0
3271,2903,0
3272,2904,0
3273,2905,0
3274,2906,0
3275,2908,0
3276,2909,0
3277,2916,0
3278,2917,0
3279,2918,0
3280,2919,0
3281,2921,0
3282,2922,0
3283,2923,0
3284,2927,0
3285,2930,0
3286,2931,0
3287,2932,0
3288,2934,0
3289,2937,0
3290,2938,0
3291,2939,0
3292,2942,0
3293,2943,0
3294,2944,0
3295,2946,0
3296,2947,0
3297,2949,0
3298,2951,0
3299,2952,0
3300,2953,0
3301,2955,0
3302,2959,0
3303,2961,0
3304,2962,0
3305,2964,0
3306,2965,0
3307,2969,0
3308,2970,0
3309,2974,0
3310,2976,0
3311,2977,0
3312,2978,0
3313,2979,0
3314,2980,0
3315,2982,0
3316,2984,0
3317,2985,0
3318,2986,0
3319,2987,0
3320,2988,0
3321,2989,0
3322,2992,0
3323,2995,0
3324,2998,0
3325,2999,0
3326,3001,0
3327,3004,0
3328,3005,0
3329,3006,0
3330,3007,0
3331,3008,0
3332,3009,0
3333,3010,0
3334,3011,0
3335,3013,0
3336,3014,0
3337,3015,0
3338,3017,0
3339,3018,0
3340,3019,0
3341,3020,0
3342,3021,0
3343,3023,0
3344,3025,0
3345,3026,0
3346,3027,0
3347,3028,0
3348,3029,0
3349,3030,0
3350,3031,0
3351,3032,0
3352,3033,0
3353,3034,0
3354,3035,0
3355,3036,0
3356,3038,0
3357,3040,0
3358,3041,0
3359,3042,0
3360,3043,0
3361,3044,0
3362,3045,0
3363,3046,0
3364,3047,0
3365,3048,0
3366,3049,0
3367,3050,0
3368,3051,0
3369,3052,0
3370,3053,0
3371,3054,0
3372,3055,0
3373,3056,0
3374,3057,0
3375,3058,0
3376,3059,0
3377,3060,0
3378,3061,0
3379,3062,0
3380,3063,0
3381,3070,0
3382,3071,0
3383,3072,0
3384,3073,0
3385,3074,0
3386,3075,0
3387,3077,0
3388,3078,0
3389,3079,0
3390,3080,0
3391,3081,0
3392,3083,0
3393,3087,0
3394,3088,0
3395,3093,0
3396,3096,0
3397,3097,0
3398,3098,0
3399,3108,0
3400,3111,0
3401,3112,0
3402,3113,0
3403,3114,0
3404,3115,0
3405,3116,0
3406,3117,0
3407,3119,0
3408,3123,0
3409,3124,0
3410,3128,0
3411,3131,0
3412,3132,0
3413,3134,0
3414,3140,0
3415,3141,0
3416,3142,0
3417,3143,0
3418,3144,0
3419,3145,0
3420,3146,0
3421,3147,0
3422,3148,0
3423,3150,0
3424,3153,0
3425,3154,0
3426,3155,0
3427,3156,0
3428,3162,0
3429,3163,0
3430,3164,0
3431,3165,0
3432,3166,0
3433,3167,0
3434,3168,0
3435,3170,0
3436,3171,0
3437,3172,0
3438,3173,0
3439,3174,0
3440,3175,0
3441,3177,0
3442,3178,0
3443,3179,0
3444,3183,0
3445,3185,0
3446,3186,0
3447,3188,0
3448,3190,0
3449,3192,0
3450,3194,0
3451,3198,0
3452,3199,0
3453,3200,0
3454,3201,0
3455,3202,0
3456,3205,0
3457,3206,0
3458,3207,0
3459,3208,0
3460,3209,0
3461,3211,0
3462,3212,0
3463,3214,0
3464,3216,0
3465,3218,0
3466,3220,0
3467,3221,0
3468,3223,0
3469,3224,0
3470,3225,0
3471,3226,0
3472,3227,0
3473,3231,0
3474,3232,0
3475,3233,0
3476,3236,0
3477,3239,0
3478,3240,0
3479,3241,0
3480,3242,0
3481,3243,0
3482,3244,0
3483,3245,0
3484,3246,0
3485,3247,0
3486,3249,0
3487,3253,0
3488,3256,0
3489,3257,0
3490,3258,0
3491,3259,0
3492,3260,0
3493,3264,0
3494,3266,0
3495,3268,0
3496,3269,0
3497,3272,0
3498,3273,0
3499,3274,0
3500,3275,0
3501,3276,0
3502,3277,0
3503,3278,0
3504,3279,0
3505,3280,0
3506,3281,0
3507,3283,0
3508,3285,0
3509,3287,0
3510,3289,0
3511,3290,0
3512,3291,0
3513,3292,0
3514,3293,0
3515,3295,0
3516,3296,0
3517,3297,0
3518,3298,0
3519,3299,0
3520,3300,0
3521,3302,0
3522,3303,0
3523,3305,0
3524,3306,0
3525,3308,0
3526,3309,0
3527,3310,0
3528,3311,0
3529,3312,0
3530,3313,0
3531,3314,0
3532,3315,0
3533,3316,0
3534,3317,0
3535,3318,0
3536,3319,0
3537,3321,0
3538,3322,0
3539,3323,0
3540,3324,0
3541,3325,0
3542,3329,0
3543,3330,0
3544,3331,0
3545,3332,0
3546,3333,0
3547,3334,0
3548,3335,0
3549,3336,0
3550,3337,0
3551,3338,0
3552,3339,0
3553,3340,0
3554,3341,0
3555,3342,0
3556,3343,0
3557,3344,0
3558,3345,0
3559,3346,0
3560,3347,0
3561,3348,0
3562,3349,0
3563,3351,0
3564,3352,0
3565,3353,0
3566,3354,0
3567,3355,0
3568,3356,0
3569,3357,0
3570,3358,0
3571,3361,0
3572,3362,0
3573,3363,0
3574,3364,0
3575,3365,0
3576,3366,0
3577,3367,0
3578,3368,0
3579,3369,0
3580,3370,0
3581,3371,0
3582,3372,0
3583,3374,0
3584,3375,0
3585,3376,0
3586,3377,0
3587,3378,0
3588,3379,0
3589,3380,0
3590,3381,0
3591,3382,0
3592,3383,0
3593,3384,0
3594,3385,0
3595,3386,0
3596,3387,0
3597,3388,0
3598,3389,0
3599,3390,0
3600,3391,0
3601,3392,0
3602,3393,0
3603,3394,0
3604,3395,0
3605,3396,0
3606,3397,0
3607,3398,0
3608,3399,0
3609,3400,0
3610,3401,0
3611,3402,0
3612,3403,0
3613,3404,0
3614,3405,0
3615,3406,0
3616,3407,0
3617,3408,0
3618,3409,0
3619,3410,0
3620,3411,0
3621,3412,0
3622,3413,0
3623,3414,0
3624,3415,0
3625,3416,0
3626,3417,0
3627,3418,0
3628,3419,0
3629,3420,0
3630,3421,0
3631,3422,0
3632,3423,0
3633,3424,0
3634,3425,0
3635,3426,0
3636,3427,0
3637,3428,0
3638,3429,0
3639,3430,0
3640,3431,0
3641,3432,0
3642,3433,0
3643,3434,0
3644,3435,0
3645,3438,0
3646,3439,0
3647,3440,0
3648,3441,0
3649,3442,0
3650,3443,0
3651,3444,0
3652,3445,0
3653,3446,0
3654,3447,0
3655,3448,0
3656,3449,0
3657,3450,0
3658,3451,0
3659,3452,0
3660,3453,0
3661,3454,0
3662,3455,0
3663,3456,0
3664,3457,0
3665,3458,0
3666,3459,0
3667,3460,0
3668,3461,0
3669,3462,0
3670,3463,0
3671,3464,0
3672,3465,0
3673,3466,0
3674,3467,0
3675,3468,0
3676,3469,0
3677,3470,0
3678,3471,0
3679,3472,0
3680,3473,0
3681,3474,0
3682,3475,0
3683,3476,0
3684,3477,0
3685,3478,0
3686,3479,0
3687,3480,0
3688,3481,0
3689,3482,0
3690,3483,0
3691,3484,0
3692,3485,0
3693,3486,0
3694,3487,0
3695,3488,0
3696,3489,0
3697,3490,0
3698,3491,0
3699,3492,0
3700,3493,0
3701,3494,0
3702,3495,0
3703,3496,0
3704,3497,0
3705,3498,0
3706,3499,0
3707,3500,0
3708,3501,0
3709,3502,0
3710,3503,0
3711,3504,0
3712,3505,0
3713,3506,0
3714,3508,0
3715,3509,0
3716,3510,0
3717,3511,0
3718,3512,0
3719,3513,0
3720,3517,0
3721,3518,0
3722,3519,0
3723,3520,0
3724,3521,0
3725,3522,0
3726,3523,0
3727,3524,0
3728,3525,0
3729,3526,0
3730,3527,0
3731,3528,0
3732,3529,0
3733,3530,0
3734,3531,0
3735,3532,0
3736,3533,0
3737,3534,0
3738,3535,0
3739,3536,0
3740,3537,0
3741,3538,0
3742,3539,0
3743,3540,0
3744,3541,0
3745,3542,0
3746,3543,0
3747,3544,0
3748,3545,0
3749,3546,0
3750,3547,0
3751,3548,0
3752,3549,0
3753,3550,0
3754,3551,0
3755,3552,0
3756,3553,0
3757,3554,0
3758,3555,0
3759,3556,0
3760,3557,0
3761,3558,0
3762,3559,0
3763,3560,0
3764,3561,0
3765,3562,0
3766,3563,0
3767,3564,0
3768,3565,0
3769,3566,0
3770,3567,0
3771,3568,0
3772,3569,0
3773,3570,0
3774,3571,0
3775,3572,0
3776,3573,0
3777,3574,0
3778,3575,0
3779,3576,0
3780,3577,0
3781,3578,0
3782,3579,0
3783,3580,0
3784,3581,0
3785,3582,0
3786,3583,0
3787,3584,0
3788,3585,0
3789,3586,0
3790,3587,0
3791,3588,0
3792,3589,0
3793,3590,0
3794,3591,0
3795,3592,0
3796,3594,0
3797,3595,0
3798,3596,0
3799,3597,0
3800,3598,0
3801,3599,0
3802,3600,0
3803,3601,0
3804,3602,0
3805,3603,0
3806,3604,0
3807,3605,0
3808,3606,0
3809,3607,0
3810,3608,0
3811,3609,0
3812,3610,0
3813,3611,0
3814,3612,0
3815,3613,0
3816,3614,0
3817,3615,0
3818,3616,0
3819,3617,0
3820,3618,0
3821,3619,0
3822,3620,0
3823,3621,0
3824,3622,0
3825,3623,0
3826,3624,0
3827,3625,0
3828,3626,0
3829,3627,0
3830,3628,0
3831,3629,0
3832,3630,0
3833,3631,0
3834,3632,0
3835,3633,0
3836,3634,0
3837,3635,0
3838,3636,0
3839,3637,0
3840,3638,0
3841,3639,0
3842,3640,0
3843,3641,0
3844,3643,0
3845,3644,0
3846,3645,0
3847,3646,0
3848,3647,0
3849,3648,0
3850,3649,0
3851,3652,0
3852,3653,0
3853,3654,0
3854,3655,0
3855,3656,0
3856,3657,0
3857,3658,0
3858,3659,0
3859,3660,0
3860,3661,0
3861,3662,0
3862,3663,0
3863,3664,0
3864,3665,0
3865,3666,0
3866,3667,0
3867,3668,0
3868,3669,0
3869,3670,0
3870,3671,0
3871,3672,0
3872,3673,0
3873,3674,0
3874,3675,0
3875,3676,0
3876,3677,0
3877,3678,0
3878,3679,0
3879,3680,0
3880,3681,0
3881,3682,0
3882,3683,0
3883,3684,0
3884,3685,0
3885,3686,0
3886,3687,0
3887,3688,0
3888,3689,0
3889,3690,0
3890,3691,0
3891,3692,0
3892,3693,0
3893,3694,0
3894,3695,0
3895,3696,0
3896,3697,0
3897,3699,0
3898,3700,0
3899,3702,0
3900,3703,0
3901,3704,0
3902,3705,0
3903,3706,0
3904,3707,0
3905,3708,0
3906,3709,0
3907,3710,0
3908,3711,0
3909,3712,0
3910,3713,0
3911,3714,0
3912,3715,0
3913,3716,0
3914,3717,0
3915,3718,0
3916,3719,0
3917,3720,0
3918,3721,0
3919,3722,0
3920,3723,0
3921,3724,0
3922,3725,0
3923,3726,0
3924,3727,0
3925,3728,0
3926,3729,0
3927,3732,0
3928,3733,0
3929,3734,0
3930,3736,0
3931,3737,0
3932,3738,0
3933,3739,0
3934,3740,0
3935,3742,0
3936,3743,0
3937,3744,0
3938,3745,0
3939,3746,0
3940,3747,0
3941,3748,0
3942,3749,0
3943,3750,0
3944,3751,0
3945,3752,0
3946,3753,0
3947,3754,0
3948,3755,0
3949,3756,0
3950,3758,0
3951,3759,0
3952,3760,0
3953,3762,0
3954,3763,0
3955,3764,0
3956,3768,0
3957,3769,0
3958,3771,0
3959,3772,0
3960,3774,0
3961,3775,0
3962,3776,0
3963,3777,0
3964,3778,0
3965,3781,0
3966,3782,0
3967,3783,0
3968,3785,0
3969,3787,0
3970,3788,0
3971,3790,0
3972,3791,0
3973,3792,0
3974,3793,0
3975,3794,0
3976,3795,0
3977,3796,0
3978,3797,0
3979,3798,0
3980,3799,0
3981,3800,0
3982,3801,0
3983,3802,0
3984,3803,0
3985,3804,0
3986,3807,0
3987,3808,0
3988,3809,0
3989,3810,0
3990,3811,0
3991,3812,0
3992,3813,0
3993,3815,0
3994,3816,0
3995,3817,0
3996,3818,0
3997,3819,0
3998,3820,0
3999,3821,0
4000,3822,0
4001,3823,0
4002,3824,0
4003,3825,0
4004,3826,0
4005,3827,0
4006,3828,0
4007,3829,0
4008,3830,0
4009,3831,0
4010,3832,0
4011,3833,0
4012,3834,0
4013,3835,0
4014,3836,0
4015,3837,0
4016,3840,0
4017,3844,0
4018,3845,0
4019,3846,0
4020,3847,0
4021,3849,0
4022,3851,0
4023,3852,0
4024,3853,0
4025,3854,0
4026,3857,0
4027,3858,0
4028,3859,0
4029,3860,0
4030,3861,0
4031,3862,0
4032,3863,0
4033,3866,0
4034,3867,0
4035,3868,0
4036,3869,0
4037,3870,0
4038,3871,0
4039,3872,0
4040,3873,0
4041,3874,0
4042,3877,0
4043,3878,0
4044,3879,0
4045,3880,0
4046,3882,0
4047,3883,0
4048,3889,0
4049,3890,0
4050,3891,0
4051,3892,0
4052,3893,0
4053,3894,0
4054,3895,0
4055,3896,0
4056,3897,0
4057,3898,0
4058,3900,0
4059,3901,0
4060,3902,0
4061,3906,0
4062,3907,0
4063,3908,0
4064,3909,0
4065,3912,0
4066,3915,0
4067,3916,0
4068,3917,0
4069,3919,0
4070,3920,0
4071,3921,0
4072,3922,0
4073,3923,0
4074,3924,0
4075,3925,0
4076,3926,0
4077,3927,0
4078,3928,0
4079,3929,0
4080,3930,0
4081,3931,0
4082,3932,0
4083,3933,0
4084,3934,0
4085,3935,0
4086,3936,0
4087,3937,0
4088,3938,0
4089,3939,0
4090,3940,0
4091,3941,0
4092,3942,0
4093,3945,0
4094,3946,0
4095,3947,0
4096,3948,0
4097,3949,0
4098,3950,0
4099,3951,0
4100,3952,0
4101,3953,0
4102,3954,0
4103,3955,0
4104,3956,0
4105,3957,0
4106,3958,0
4107,3959,0
4108,3960,0
4109,3961,0
4110,3964,0
4111,3965,0
4112,3966,0
4113,3967,0
4114,3968,0
4115,3969,0
4116,3970,0
4117,3971,0
4118,3972,0
4119,3973,0
4120,3974,0
4121,3975,0
4122,3976,0
4123,3977,0
4124,3978,0
4125,3980,0
4126,3981,0
4127,3982,0
4128,3983,0
4129,3984,0
4130,3985,0
4131,3986,0
4132,3987,0
4133,3988,0
4134,3989,0
4135,3990,0
4136,3991,0
4137,3992,0
4138,3993,0
4139,3996,0
4140,3997,0
4141,3998,0
4142,3999,0
4143,4000,0
4144,4001,0
4145,4002,0
4146,4003,0
4147,4004,0
4148,4005,0
4149,4006,0
4150,4007,0
4151,4008,0
4152,4009,0
4153,4010,0
4154,4011,0
4155,4012,0
4156,4013,0
4157,4014,0
4158,4015,0
4159,4017,0
4160,4020,0
4161,4021,0
4162,4022,0
4163,4023,0
4164,4024,0
4165,4025,0
4166,4026,0
4167,4027,0
4168,4028,0
4169,4029,0
4170,4030,0
4171,4031,0
4172,4032,0
4173,4033,0
4174,4034,0
4175,4035,0
4176,4036,0
4177,4037,0
4178,4038,0
4179,4039,0
4180,4040,0
4181,4041,0
4182,4042,0
4183,4043,0
4184,4044,0
4185,4045,0
4186,4047,0
4187,4048,0
4188,4049,0
4189,4050,0
4190,4051,0
4191,4052,0
4192,4053,0
4193,4054,0
4194,4055,0
4195,4056,0
4196,4057,0
4197,4058,0
4198,4059,0
4199,4060,0
4200,4061,0
4201,4062,0
4202,4065,0
4203,4066,0
4204,4068,0
4205,4069,0
4206,4071,0
4207,4073,0
4208,4074,0
4209,4075,0
4210,4076,0
4211,4077,0
4212,4078,0
4213,4079,0
4214,4080,0
4215,4081,0
4216,4082,0
4217,4083,0
4218,4084,0
4219,4085,0
4220,4086,0
4221,4087,0
4222,4088,0
4223,4089,0
4224,4091,0
4225,4092,0
4226,4093,0
4227,4094,0
4228,4095,0
4229,4097,0
4230,4099,0
4231,4101,0
4232,4102,0
4233,4103,0
4234,4105,0
4235,4106,0
4236,4107,0
4237,4108,0
4238,4109,0
4239,4110,0
4240,4111,0
4241,4112,0
4242,4113,0
4243,4114,0
4244,4115,0
4245,4118,0
4246,4119,0
4247,4120,0
4248,4121,0
4249,4122,0
4250,4123,0
4251,4124,0
4252,4125,0
4253,4126,0
4254,4128,0
4255,4129,0
4256,4130,0
4257,4132,0
4258,4133,0
4259,4134,0
4260,4135,0
4261,4137,0
4262,4138,0
4263,4139,0
4264,4140,0
4265,4141,0
4266,4145,0
4267,4146,0
4268,4148,0
4269,4149,0
4270,4151,0
4271,4152,0
4272,4153,0
4273,4155,0
4274,4158,0
4275,4160,0
4276,4161,0
4277,4163,0
4278,4164,0
4279,4165,0
4280,4166,0
4281,4168,0
4282,4169,0
4283,4170,0
4284,4174,0
4285,4176,0
4286,4177,0
4287,4178,0
4288,4181,0
4289,4183,0
4290,4184,0
4291,4185,0
4292,4188,0
4293,4192,0
4294,4193,0
4295,4194,0
4296,4196,0
4297,4197,0
4298,4198,0
4299,4199,0
4300,4200,0
4301,4203,0
4302,4204,0
4303,4206,0
4304,4208,0
4305,4209,0
4306,4210,0
4307,4211,0
4308,4212,0
4309,4213,0
4310,4214,0
4311,4215,0
4312,4216,0
4313,4217,0
4314,4218,0
4315,4219,0
4316,4220,0
4317,4221,0
4318,4222,0
4319,4223,0
4320,4224,0
4321,4225,0
4322,4226,0
4323,4227,0
4324,4228,0
4325,4229,0
4326,4230,0
4327,4231,0
4328,4232,0
4329,4233,0
4330,4234,0
4331,4235,0
4332,4236,0
4333,4237,0
4334,4238,0
4335,4239,0
4336,4240,0
4337,4241,0
4338,4242,0
4339,4243,0
4340,4244,0
4341,4245,0
4342,4246,0
4343,4247,0
4344,4248,0
4345,4249,0
4346,4250,0
4347,4251,0
4348,4252,0
4349,4253,0
4350,4254,0
4351,4255,0
4352,4256,0
4353,4257,0
4354,4258,0
4355,4259,0
4356,4260,0
4357,4261,0
4358,4262,0
4359,4263,0
4360,4264,0
4361,4265,0
4362,4266,0
4363,4267,0
4364,4268,0
4365,4269,0
4366,4270,0
4367,4271,0
4368,4272,0
4369,4273,0
4370,4274,0
4371,4275,0
4372,4276,0
4373,4277,0
4374,4278,0
4375,4279,0
4376,4280,0
4377,4281,0
4378,4282,0
4379,4283,0
4380,4284,0
4381,4285,0
4382,4286,0
4383,4287,0
4384,4288,0
4385,4289,0
4386,4290,0
4387,4291,0
4388,4292,0
4389,4293,0
4390,4294,0
4391,4295,0
4392,4296,0
4393,4297,0
4394,4298,0
4395,4299,0
4396,4300,0
4397,4301,0
4398,4303,0
4399,4304,0
4400,4305,0
4401,4306,0
4402,4307,0
4403,4308,0
4404,4309,0
4405,4310,0
4406,4311,0
4407,4312,0
4408,4313,0
4409,4314,0
4410,4317,0
4411,4321,0
4412,4325,0
4413,4331,0
4414,4336,0
4415,4339,0
4416,4341,0
4417,4342,0
4418,4346,0
4419,4357,0
4420,4359,0
4421,4366,0
4422,4367,0
4423,4369,0
4424,4370,0
4425,4373,0
4426,4375,0
4427,4376,0
4428,4377,0
4429,4379,0
4430,4382,0
4431,4384,0
4432,4385,0
4433,4392,0
4434,4395,0
4435,4397,0
4436,4398,0
4437,4399,0
4438,4402,0
4439,4403,0
4440,4406,0
4441,4407,0
4442,4408,0
4443,4409,0
4444,4410,0
4445,4411,0
4446,4412,0
4447,4413,0
4448,4414,0
4449,4415,0
4450,4416,0
4451,4417,0
4452,4418,0
4453,4420,0
4454,4424,0
4455,4426,0
4456,4428,0
4457,4429,0
4458,4430,0
4459,4432,0
4460,4434,0
4461,4437,0
4462,4438,0
4463,4439,0
4464,4440,0
4465,4441,0
4466,4442,0
4467,4443,0
4468,4444,0
4469,4445,0
4470,4447,0
4471,4448,0
4472,4450,0
4473,4451,0
4474,4452,0
4475,4453,0
4476,4454,0
4477,4455,0
4478,4456,0
4479,4457,0
4480,4458,0
4481,4459,0
4482,4460,0
4483,4461,0
4484,4462,0
4485,4464,0
4486,4465,0
4487,4466,0
4488,4467,0
4489,4468,0
4490,4469,0
4491,4470,0
4492,4471,0
4493,4472,0
4494,4473,0
4495,4474,0
4496,4475,0
4497,4476,0
4498,4477,0
4499,4478,0
4500,4479,0
4501,4480,0
4502,4481,0
4503,4482,0
4504,4483,0
4505,4484,0
4506,4485,0
4507,4486,0
4508,4487,0
4509,4488,0
4510,4489,0
4511,4490,0
4512,4491,0
4513,4492,0
4514,4493,0
4515,4494,0
4516,4495,0
4517,4496,0
4518,4497,0
4519,4498,0
4520,4499,0
4521,4500,0
4522,4501,0
4523,4502,0
4524,4503,0
4525,4504,0
4526,4505,0
4527,4506,0
4528,4507,0
4529,4508,0
4530,4509,0
4531,4510,0
4532,4511,0
4533,4512,0
4534,4513,0
4535,4514,0
4536,4515,0
4537,4516,0
4538,4517,0
4539,4518,0
4540,4519,0
4541,4521,0
4542,4522,0
4543,4523,0
4544,4524,0
4545,4525,0
4546,4528,0
4547,4529,0
4548,4530,0
4549,4531,0
4550,4532,0
4551,4533,0
4552,4534,0
4553,4535,0
4554,4536,0
4555,4537,0
4556,4538,0
4557,4539,0
4558,4542,0
4559,4543,0
4560,4544,0
4561,4545,0
4562,4546,0
4563,4547,0
4564,4549,0
4565,4550,0
4566,4551,0
4567,4552,0
4568,4553,0
4569,4554,0
4570,4555,0
4571,4556,0
4572,4557,0
4573,4558,0
4574,4559,0
4575,4560,0
4576,4561,0
4577,4562,0
4578,4563,0
4579,4564,0
4580,4565,0
4581,4566,0
4582,4567,0
4583,4568,0
4584,4569,0
4585,4570,0
4586,4571,0
4587,4572,0
4588,4573,0
4589,4575,0
4590,4576,0
4591,4577,0
4592,4578,0
4593,4579,0
4594,4581,0
4595,4582,0
4596,4583,0
4597,4585,0
4598,4586,0
4599,4587,0
4600,4588,0
4601,4589,0
4602,4590,0
4603,4591,0
4604,4592,0
4605,4593,0
4606,4594,0
4607,4595,0
4608,4596,0
4609,4597,0
4610,4598,0
4611,4599,0
4612,4600,0
4613,4601,0
4614,4602,0
4615,4603,0
4616,4604,0
4617,4605,0
4618,4606,0
4619,4607,0
4620,4609,0
4621,4610,0
4622,4611,0
4623,4612,0
4624,4613,0
4625,4614,0
4626,4615,0
4627,4616,0
4628,4617,0
4629,4618,0
4630,4619,0
4631,4620,0
4632,4621,0
4633,4622,0
4634,4623,0
4635,4624,0
4636,4625,0
4637,4626,0
4638,4627,0
4639,4628,0
4640,4629,0
4641,4630,0
4642,4631,0
4643,4633,0
4644,4636,0
4645,4637,0
4646,4638,0
4647,4639,0
4648,4640,0
4649,4641,0
4650,4642,0
4651,4643,0
4652,4644,0
4653,4645,0
4654,4647,0
4655,4648,0
4656,4649,0
4657,4650,0
4658,4651,0
4659,4652,0
4660,4653,0
4661,4654,0
4662,4655,0
4663,4656,0
4664,4657,0
4665,4658,0
4666,4659,0
4667,4660,0
4668,4661,0
4669,4663,0
4670,4664,0
4671,4665,0
4672,4666,0
4673,4667,0
4674,4668,0
4675,4669,0
4676,4670,0
4677,4671,0
4678,4672,0
4679,4673,0
4680,4674,0
4681,4675,0
4682,4676,0
4683,4677,0
4684,4678,0
4685,4679,0
4686,4680,0
4687,4681,0
4688,4682,0
4689,4683,0
4690,4684,0
4691,4685,0
4692,4686,0
4693,4687,0
4694,4688,0
4695,4689,0
4696,4690,0
4697,4691,0
4698,4692,0
4699,4693,0
4700,4694,0
4701,4695,0
4702,4696,0
4703,4697,0
4704,4698,0
4705,4699,0
4706,4700,0
4707,4701,0
4708,4702,0
4709,4703,0
4710,4704,0
4711,4705,0
4712,4706,0
4713,4707,0
4714,4708,0
4715,4709,0
4716,4710,0
4717,4711,0
4718,4712,0
4719,4713,0
4720,4714,0
4721,4715,0
4722,4716,0
4723,4717,0
4724,4718,0
4725,4719,0
4726,4720,0
4727,4721,0
4728,4722,0
4729,4723,0
4730,4724,0
4731,4725,0
4732,4726,0
4733,4727,0
4734,4728,0
4735,4729,0
4736,4730,0
4737,4731,0
4738,4732,0
4739,4733,0
4740,4734,0
4741,4735,0
4742,4736,0
4743,4739,0
4744,4740,0
4745,4741,0
4746,4743,0
4747,4744,0
4748,4745,0
4749,4746,0
4750,4747,0
4751,4748,0
4752,4749,0
4753,4750,0
4754,4751,0
4755,4752,0
4756,4753,0
4757,4754,0
4758,4755,0
4759,4756,0
4760,4757,0
4761,4758,0
4762,4759,0
4763,4760,0
4764,4761,0
4765,4762,0
4766,4763,0
4767,4764,0
4768,4765,0
4769,4766,0
4770,4767,0
4771,4768,0
4772,4769,0
4773,4770,0
4774,4771,0
4775,4772,0
4776,4773,0
4777,4775,0
4778,4776,0
4779,4777,0
4780,4778,0
4781,4779,0
4782,4780,0
4783,4781,0
4784,4782,0
4785,4783,0
4786,4784,0
4787,4785,0
4788,4786,0
4789,4787,0
4790,4788,0
4791,4789,0
4792,4791,0
4793,4792,0
4794,4793,0
4795,4794,0
4796,4795,0
4797,4796,0
4798,4797,0
4799,4798,0
4800,4799,0
4801,4800,0
4802,4801,0
4803,4802,0
4804,4803,0
4805,4804,0
4806,4805,0
4807,4806,0
4808,4807,0
4809,4808,0
4810,4809,0
4811,4810,0
4812,4811,0
4813,4812,0
4814,4813,0
4815,4814,0
4816,4815,0
4817,4816,0
4818,4817,0
4819,4819,0
4820,4820,0
4821,4821,0
4822,4822,0
4823,4823,0
4824,4824,0
4825,4825,0
4826,4826,0
4827,4827,0
4828,4828,0
4829,4829,0
4830,4830,0
4831,4831,0
4832,4832,0
4833,4833,0
4834,4834,0
4835,4835,0
4836,4836,0
4837,4837,0
4838,4838,0
4839,4839,0
4840,4840,0
4841,4841,0
4842,4842,0
4843,4843,0
4844,4844,0
4845,4845,0
4846,4846,0
4847,4847,0
4848,4848,0
4849,4849,0
4850,4850,0
4851,4851,0
4852,4852,0
4853,4853,0
4854,4854,0
4855,4855,0
4856,4856,0
4857,4857,0
4858,4858,0
4859,4859,0
4860,4860,0
4861,4861,0
4862,4862,0
4863,4863,0
4864,4864,0
4865,4865,0
4866,4866,0
4867,4867,0
4868,4868,0
4869,4869,0
4870,4870,0
4871,4871,0
4872,4872,0
4873,4873,0
4874,4874,0
4875,4875,0
4876,4876,0
4877,4877,0
4878,4878,0
4879,4879,0
4880,4880,0
4881,4881,0
4882,4882,0
4883,4883,0
4884,4884,0
4885,4885,0
4886,4886,0
4887,4887,0
4888,4888,0
4889,4889,0
4890,4890,0
4891,4891,0
4892,4892,0
4893,4893,0
4894,4894,0
4895,4895,0
4896,4896,0
4897,4897,0
4898,4898,0
4899,4899,0
4900,4900,0
4901,4901,0
4902,4902,0
4903,4903,0
4904,4904,0
4905,4905,0
4906,4906,0
4907,4907,0
4908,4908,0
4909,4909,0
4910,4910,0
4911,4911,0
4912,4912,0
4913,4913,0
4914,4914,0
4915,4915,0
4916,4916,0
4917,4917,0
4918,4918,0
4919,4919,0
4920,4920,0
4921,4921,0
4922,4922,0
4923,4923,0
4924,4924,0
4925,4925,0
4926,4926,0
4927,4927,0
4928,4928,0
4929,4929,0
4930,4930,0
4931,4931,0
4932,4932,0
4933,4933,0
4934,4934,0
4935,4935,0
4936,4936,0
4937,4937,0
4938,4938,0
4939,4939,0
4940,4940,0
