,nodes,BC
0,1,0.47830526686331615
1,18,0.1134224353763977
2,11,0.0946275426436394
3,17,0.07873395047905539
4,65,0.07487731466349351
5,36,0.05890460260395068
6,101,0.0442855722765762
7,66,0.03912712904484648
8,43,0.03865075738839551
9,4,0.03789098258889464
10,5,0.03789098258889464
11,67,0.032733916144602214
12,6,0.029031035998666334
13,7,0.029031035998666334
14,116,0.025354437691045704
15,48,0.024185662581326185
16,155,0.023637284543439337
17,309,0.0234973394176427
18,61,0.018863769934897148
19,158,0.017581382571669642
20,12,0.01735216713577321
21,102,0.015977552574346746
22,120,0.013689584718407966
23,206,0.013177240730589818
24,105,0.010648632512850729
25,13,0.010412845890347992
26,188,0.009760629105771404
27,14,0.009134943173510313
28,3,0.008868040785269166
29,107,0.00882993544336087
30,174,0.007709302288591159
31,121,0.007435222040051689
32,246,0.007068140464594888
33,49,0.007047561363347987
34,312,0.006426150251628383
35,74,0.00586966000484078
36,159,0.005768700686159775
37,71,0.005606572148706506
38,30,0.005432783671431734
39,302,0.004424778761061947
40,443,0.004424778761061947
41,108,0.004424778761061946
42,395,0.004424778761061946
43,280,0.004380821039044392
44,26,0.003760473392942074
45,420,0.0036449815263243663
46,317,0.0036448983141762047
47,348,0.0035829390921761663
48,24,0.003517751997878659
49,208,0.003509883509632033
50,186,0.0034128145670171946
51,167,0.0027987546666383392
52,407,0.0025947460344848553
53,111,0.0024236334580646753
54,109,0.0023985235093549597
55,91,0.0023576280927251284
56,384,0.0023403863458605553
57,106,0.0019891402855289403
58,249,0.001939586279010696
59,240,0.0018663688785154264
60,366,0.00177765454649768
61,25,0.001772756832061193
62,369,0.001770301531976571
63,170,0.001769734705848806
64,70,0.0017566912388818448
65,291,0.0015955654544844728
66,300,0.0015739956791342158
67,237,0.001572452126234833
68,58,0.0015369870403685903
69,52,0.0015289308108437395
70,27,0.0015225555409638261
71,283,0.0014851038808605596
72,235,0.0014849637723805085
73,69,0.001484093974678878
74,157,0.0014683855607662967
75,160,0.0014683855607662967
76,161,0.0014683855607662967
77,242,0.0014022483782145999
78,204,0.0013451868246835495
79,32,0.0013101882890012208
80,191,0.0013043076632165793
81,241,0.0012428561253159459
82,341,0.0011926943672872458
83,272,0.001172433614472487
84,139,0.0011286827060620114
85,233,0.001070720993017284
86,295,0.0010667833267422613
87,55,0.001030203837342224
88,38,0.0010299832591514275
89,347,0.0009967950995887701
90,15,0.000956680858205201
91,11,0.0009421813661665712
92,183,0.0009405434908902284
93,207,0.000920670040689017
94,35,0.0008895439768771799
95,23,0.0008856905989359331
96,293,0.0008622348269578395
97,230,0.0008324785264302581
98,220,0.0008106828599578702
99,308,0.0008021742279316858
100,192,0.0008016109025741241
101,290,0.000798502163862439
102,352,0.0007774137028230833
103,287,0.0007736295994742775
104,1,0.0007611982582638481
105,274,0.0007523788755500736
106,56,0.0007517388453777903
107,244,0.0007476294492776336
108,195,0.0007375027528066922
109,284,0.000733173930609289
110,334,0.0007307942347645007
111,351,0.0007265814610125964
112,50,0.000709970411622281
113,162,0.0007006404611784179
114,430,0.0006971271033573583
115,270,0.0006852961711754204
116,298,0.0006806539860711375
117,214,0.0006595664973029734
118,115,0.0006531713393332379
119,326,0.0006480339932764702
120,343,0.0006464897902688375
121,187,0.0006446524802979487
122,320,0.0006354176418555588
123,379,0.0006274263984951932
124,22,0.0005845357475354725
125,212,0.0005713338532526103
126,358,0.0005543273740526362
127,378,0.000541159752796794
128,180,0.0005344530803694034
129,172,0.000520497519549413
130,234,0.0005023587437309623
131,319,0.0005023416883500512
132,213,0.0004957178064627934
133,179,0.0004885379853999975
134,196,0.00047463695882264017
135,112,0.00047346515839095173
136,65,0.0004632335265821005
137,113,0.0004575121319295948
138,19,0.0004465991903316684
139,60,0.0004459042615540114
140,321,0.0004408790101389153
141,296,0.00043655131190943093
142,124,0.00042657949344466806
143,253,0.0004203885376861275
144,229,0.00041347955174216657
145,231,0.00040458139681634144
146,175,0.000404416301821828
147,128,0.0004038452053964921
148,391,0.00038754089101140275
149,96,0.0003857358173634327
150,223,0.00038419141169320365
151,93,0.00036733045597984863
152,337,0.0003639914726292777
153,169,0.0003630309292715532
154,2,0.0003614864698175278
155,248,0.00035838971479462277
156,92,0.000353004371937355
157,142,0.0003516062215372578
158,275,0.0003470900259788475
159,306,0.0003412443677487144
160,198,0.0003407840548236096
161,85,0.0003331881752432912
162,132,0.0003331881752432912
163,135,0.0003331881752432912
164,82,0.0003331881752432911
165,88,0.0003331881752432911
166,84,0.0003306865919191608
167,81,0.000330448748540215
168,87,0.000330448748540215
169,131,0.0003304487485402149
170,134,0.0003304487485402149
171,137,0.0003301411011275743
172,123,0.00032820797051194437
173,94,0.0003270051025355279
174,76,0.00032661256344329164
175,247,0.00031529830201261553
176,201,0.00031372618074812904
177,166,0.00030957207715444265
178,425,0.0003066891940322742
179,264,0.0002945246198968217
180,173,0.000293708763386565
181,310,0.00029129324009082583
182,140,0.00028915204598135245
183,245,0.00028773890050462324
184,276,0.00027730378606614253
185,189,0.0002768941292175456
186,344,0.0002758254106859343
187,254,0.00027376057589526486
188,356,0.00027317640454691683
189,197,0.00026867164153614035
190,8,0.0002637490064476267
191,126,0.000263242270832605
192,294,0.00025638039735451903
193,59,0.0002550520716481746
194,232,0.0002525334695836602
195,250,0.00024978485532792965
196,153,0.00024259820346971065
197,389,0.0002395811174078062
198,54,0.00023673050142866673
199,228,0.00023580529304514382
200,62,0.0002317050394730424
201,322,0.00022968818957055457
202,357,0.0002273947529217459
203,90,0.0002267664389427353
204,297,0.0002125997421910202
205,98,0.0002112897016658157
206,262,0.0002049552275855951
207,136,0.00020477179192643344
208,80,0.00020449477941815306
209,133,0.00020449477941815306
210,86,0.00020449477941815304
211,130,0.00020449477941815304
212,83,0.00020212433624677376
213,313,0.0002004099243862012
214,31,0.00019013790644975691
215,89,0.00018997880195252402
216,53,0.00018512132593484477
217,168,0.00017933404684569528
218,39,0.00017908530434668498
219,154,0.00017713880137271075
220,104,0.00016875421154295917
221,359,0.00015939924636042862
222,346,0.00015641610682409247
223,182,0.00014722587544182086
224,202,0.000144608423784393
225,200,0.00014417301700982708
226,367,0.00013534719824663736
227,95,0.0001340893979120248
228,277,0.00013343413125727145
229,114,0.00013278853930652487
230,218,0.000131884006423347
231,368,0.0001315657627808169
232,138,0.00013033276366080485
233,185,0.00012756740276472322
234,311,0.00012458747326425356
235,307,0.00011899833656934556
236,184,0.00011526882424078276
237,440,0.00011126723861589225
238,441,0.00011126723861589225
239,286,0.00011074298778418467
240,99,0.00010379421363860137
241,361,0.00010299735508191204
242,256,0.00010065037680588641
243,259,0.00010065037680588641
244,258,0.0001006503768058864
245,261,0.0001006503768058864
246,260,0.00010047199427167708
247,100,9.430193215488422e-05
248,380,9.39920890727185e-05
249,117,9.325230122671399e-05
250,421,9.26907604862181e-05
251,221,9.119631605734941e-05
252,239,8.973582045427348e-05
253,377,8.935973949807514e-05
254,362,8.861403938150635e-05
255,29,8.841679003988352e-05
256,211,8.72889940231512e-05
257,299,8.516832168304805e-05
258,365,8.392756661108208e-05
259,257,8.321849360864398e-05
260,129,7.985347371592208e-05
261,163,7.685211125048101e-05
262,194,7.304393145591661e-05
263,203,7.168476948303203e-05
264,209,7.168476948303203e-05
265,210,7.168476948303203e-05
266,165,7.045592259069118e-05
267,339,6.76361808424131e-05
268,353,6.751449575293914e-05
269,265,6.687545315475405e-05
270,63,6.497534802383416e-05
271,364,6.280135618699493e-05
272,75,6.212958780302983e-05
273,141,5.833703275858664e-05
274,122,4.914822971662998e-05
275,387,4.885005242633453e-05
276,199,4.7958033978168515e-05
277,224,4.53865948222844e-05
278,251,4.4614000843339575e-05
279,267,4.221616192729889e-05
280,118,4.067723467091636e-05
281,73,3.982127748966666e-05
282,349,3.535498433877746e-05
283,383,3.182275355110122e-05
284,127,3.144120126048192e-05
285,271,3.139532602083864e-05
286,51,3.0281850916428946e-05
287,125,2.829568445799828e-05
288,68,2.5772749425339853e-05
289,219,2.492036193245029e-05
290,335,2.4369384444139737e-05
291,413,2.3546494515628985e-05
292,164,2.2195337643639e-05
293,42,1.9622078763024155e-05
294,401,1.9622078763024155e-05
295,370,1.8524788742025652e-05
296,222,1.7758060852597285e-05
297,176,1.718267758238064e-05
298,215,1.675309300449108e-05
299,45,1.480327280417542e-05
300,150,1.3898972457142108e-05
301,263,1.3821107065225347e-05
302,327,1.3313951446402786e-05
303,345,1.2214088771226722e-05
304,227,1.2208261026805336e-05
305,252,1.1866685728114609e-05
306,373,1.1855005919327092e-05
307,374,1.1855005919327092e-05
308,44,1.1446212611764088e-05
309,57,8.993452766386071e-06
310,268,8.175866151260063e-06
311,28,8.113573837726655e-06
312,110,6.887547848637266e-06
313,431,6.730028768721442e-06
314,304,6.634131391308167e-06
315,315,6.634131391308167e-06
316,149,6.540692921008051e-06
317,97,5.995635177590715e-06
318,404,4.905519690756039e-06
319,332,3.92441575260483e-06
320,103,3.847466424122383e-06
321,382,3.8159246945090416e-06
322,40,3.2703464605040255e-06
323,41,3.2703464605040255e-06
324,46,3.2703464605040255e-06
325,47,3.2703464605040255e-06
326,77,3.2703464605040255e-06
327,78,3.2703464605040255e-06
328,79,3.2703464605040255e-06
329,144,3.2703464605040255e-06
330,145,3.2703464605040255e-06
331,314,3.2703464605040255e-06
332,323,3.2703464605040255e-06
333,329,3.2703464605040255e-06
334,424,3.2703464605040255e-06
335,171,3.2401163671716363e-06
336,147,2.4527598453780193e-06
337,148,2.4527598453780193e-06
338,9,0.0
339,18,0.0
340,20,0.0
341,21,0.0
342,33,0.0
343,34,0.0
344,37,0.0
345,72,0.0
346,119,0.0
347,143,0.0
348,146,0.0
349,151,0.0
350,152,0.0
351,156,0.0
352,177,0.0
353,178,0.0
354,181,0.0
355,190,0.0
356,193,0.0
357,205,0.0
358,216,0.0
359,217,0.0
360,225,0.0
361,226,0.0
362,236,0.0
363,238,0.0
364,243,0.0
365,255,0.0
366,266,0.0
367,269,0.0
368,273,0.0
369,278,0.0
370,279,0.0
371,281,0.0
372,282,0.0
373,285,0.0
374,288,0.0
375,289,0.0
376,292,0.0
377,301,0.0
378,303,0.0
379,305,0.0
380,316,0.0
381,318,0.0
382,324,0.0
383,325,0.0
384,328,0.0
385,330,0.0
386,331,0.0
387,333,0.0
388,336,0.0
389,338,0.0
390,340,0.0
391,342,0.0
392,350,0.0
393,354,0.0
394,355,0.0
395,360,0.0
396,363,0.0
397,371,0.0
398,372,0.0
399,375,0.0
400,376,0.0
401,381,0.0
402,385,0.0
403,386,0.0
404,388,0.0
405,390,0.0
406,392,0.0
407,393,0.0
408,394,0.0
409,396,0.0
410,397,0.0
411,398,0.0
412,399,0.0
413,400,0.0
414,402,0.0
415,403,0.0
416,405,0.0
417,406,0.0
418,408,0.0
419,409,0.0
420,410,0.0
421,411,0.0
422,412,0.0
423,414,0.0
424,415,0.0
425,416,0.0
426,417,0.0
427,418,0.0
428,419,0.0
429,422,0.0
430,423,0.0
431,426,0.0
432,427,0.0
433,428,0.0
434,429,0.0
435,432,0.0
436,433,0.0
437,434,0.0
438,435,0.0
439,436,0.0
440,437,0.0
441,438,0.0
442,439,0.0
443,442,0.0
444,444,0.0
445,445,0.0
446,446,0.0
447,447,0.0
448,448,0.0
449,449,0.0
450,450,0.0
451,451,0.0
452,452,0.0
