,nodes_tr,TR,nodes_ec,EC,nodes_cnc,CnC,nodes_bc,BC,nodes_dc,DC
0,1,870,1,0.3799950453598546,1,0.6541244573082489,1,0.47830526686331615,1,0.5243362831858407
1,11,490,18,0.255898356946562,18,0.5505481120584653,18,0.1134224353763977,18,0.2721238938053097
2,18,489,11,0.2530004877878702,11,0.5458937198067633,11,0.0946275426436394,11,0.2411504424778761
3,17,378,17,0.219520021528559,17,0.5323910482921084,17,0.07873395047905539,17,0.23008849557522124
4,67,304,67,0.18014156335300485,65,0.5039018952062431,65,0.07487731466349351,5,0.16592920353982302
5,67,258,67,0.1703702963054931,66,0.5022222222222222,36,0.05890460260395068,5,0.16592920353982302
6,4,236,4,0.15344246612452836,36,0.49834619625137816,101,0.0442855722765762,64,0.1415929203539823
7,5,236,5,0.15344246612452836,67,0.49834619625137816,66,0.03912712904484648,66,0.1415929203539823
8,64,226,64,0.15256027370368583,101,0.49183895538628947,43,0.03865075738839551,36,0.13938053097345132
9,101,202,36,0.13620235545035522,4,0.4860215053763441,4,0.03789098258889464,67,0.13495575221238937
10,36,194,101,0.1309053555862519,5,0.4860215053763441,5,0.03789098258889464,6,0.13053097345132744
11,6,173,6,0.12637813792615096,186,0.47729672650475186,67,0.032733916144602214,7,0.13053097345132744
12,7,173,7,0.12637813792615096,188,0.47478991596638653,6,0.029031035998666334,101,0.1261061946902655
13,188,171,188,0.12600073474805576,6,0.47280334728033474,7,0.029031035998666334,188,0.08407079646017698
14,186,142,186,0.12101234030854495,7,0.47280334728033474,116,0.025354437691045704,116,0.08185840707964602
15,116,119,167,0.1025883011821478,348,0.4708333333333333,48,0.024185662581326185,102,0.07964601769911504
16,61,115,116,0.10223388896549314,102,0.465979381443299,155,0.023637284543439337,61,0.07743362831858407
17,167,111,348,0.0964043245076098,48,0.4645426515930113,309,0.0234973394176427,120,0.07300884955752213
18,102,93,61,0.09181283985775558,116,0.4645426515930113,61,0.018863769934897148,121,0.0663716814159292
19,48,87,102,0.08924296305953228,120,0.4621676891615542,158,0.017581382571669642,206,0.061946902654867256
20,174,80,174,0.08633035106838755,246,0.46122448979591835,12,0.01735216713577321,186,0.05752212389380531
21,348,78,48,0.085179903609427,233,0.4588832487309645,102,0.015977552574346746,48,0.05309734513274336
22,120,73,233,0.0851711567523406,167,0.45564516129032256,120,0.013689584718407966,167,0.05309734513274336
23,300,71,300,0.08436339605530137,295,0.45472837022132795,206,0.013177240730589818,14,0.050884955752212385
24,206,65,295,0.08345329512576866,300,0.45336008024072216,105,0.010648632512850729,30,0.050884955752212385
25,30,62,293,0.07510311502479426,30,0.4529058116232465,13,0.010412845890347992,174,0.050884955752212385
26,121,62,321,0.07428518101907784,174,0.4515484515484515,188,0.009760629105771404,12,0.046460176991150445
27,71,61,69,0.0732471943554326,61,0.4506480558325025,14,0.009134943173510313,71,0.046460176991150445
28,295,61,246,0.07248734749849532,180,0.4506480558325025,3,0.008868040785269166,348,0.046460176991150445
29,233,55,71,0.07233416975140332,347,0.44885799404170806,107,0.00882993544336087,246,0.04203539823008849
30,69,52,30,0.07226046323900004,321,0.44752475247524753,174,0.007709302288591159,300,0.03982300884955752
31,293,51,369,0.06948261394102047,320,0.44708209693372897,121,0.007435222040051689,280,0.03761061946902655
32,369,47,294,0.06528719236776974,71,0.44664031620553357,246,0.007068140464594888,155,0.035398230088495575
33,12,46,220,0.06481843405704307,369,0.4461994076999013,49,0.007047561363347987,295,0.035398230088495575
34,321,46,347,0.06461064635413537,206,0.4448818897637795,312,0.006426150251628383,369,0.035398230088495575
35,14,45,120,0.06343954390384482,69,0.444007858546169,74,0.00586966000484078,13,0.0331858407079646
36,280,45,173,0.06226654145605005,220,0.444007858546169,159,0.005768700686159775,69,0.0331858407079646
37,155,44,52,0.061334030143699016,280,0.444007858546169,71,0.005606572148706506,170,0.0331858407079646
38,246,42,2,0.060756627199474486,294,0.4427032321253673,30,0.005432783671431734,233,0.0331858407079646
39,32,37,320,0.06034803732285578,12,0.44227005870841485,302,0.004424778761061947,293,0.0331858407079646
40,366,37,155,0.05986617266711945,293,0.44140625,443,0.004424778761061947,366,0.0331858407079646
41,2,36,280,0.05926846723513601,2,0.4388349514563107,108,0.004424778761061946,43,0.030973451327433628
42,139,36,206,0.059159769250230865,208,0.4384093113482056,395,0.004424778761061946,91,0.030973451327433628
43,173,36,139,0.05891268435208068,345,0.4384093113482056,280,0.004380821039044392,52,0.028761061946902654
44,347,36,32,0.05889279045749775,291,0.43756050338818975,26,0.003760473392942074,249,0.028761061946902654
45,52,34,168,0.05735787283578093,235,0.437137330754352,420,0.0036449815263243663,384,0.028761061946902654
46,91,33,345,0.05595873024979844,173,0.43671497584541064,317,0.0036448983141762047,26,0.02654867256637168
47,287,33,287,0.05537681732841215,309,0.43671497584541064,348,0.0035829390921761663,32,0.02654867256637168
48,294,33,195,0.054054076851525905,287,0.4362934362934363,24,0.003517751997878659,65,0.02654867256637168
49,320,32,366,0.05397296986111466,52,0.43419788664745435,208,0.003509883509632033,139,0.02654867256637168
50,13,31,56,0.05386440610395157,91,0.43419788664745435,186,0.0034128145670171946,208,0.02654867256637168
51,249,29,284,0.05348305648708883,168,0.43419788664745435,167,0.0027987546666383392,287,0.02654867256637168
52,284,29,180,0.05346037339448439,159,0.43378119001919385,407,0.0025947460344848553,321,0.02654867256637168
53,172,27,12,0.05218617999390131,56,0.4333652924256951,111,0.0024236334580646753,347,0.02654867256637168
54,208,27,26,0.051366280634876194,121,0.4333652924256951,109,0.0023985235093549597,2,0.024336283185840708
55,231,27,235,0.05117376894451513,26,0.4329501915708812,91,0.0023576280927251284,24,0.024336283185840708
56,345,27,231,0.05035750427289504,70,0.4329501915708812,384,0.0023403863458605553,55,0.024336283185840708
57,384,27,70,0.049752365606066475,312,0.4321223709369025,106,0.0019891402855289403,159,0.024336283185840708
58,26,26,234,0.04937853488654627,195,0.43170964660936006,249,0.001939586279010696,220,0.024336283185840708
59,334,26,91,0.049174404425853184,231,0.43170964660936006,240,0.0018663688785154264,240,0.024336283185840708
60,430,26,159,0.04849625107661254,13,0.4312977099236641,366,0.00177765454649768,284,0.024336283185840708
61,55,25,121,0.04811554989279471,335,0.43088655862726405,25,0.001772756832061193,334,0.024336283185840708
62,170,25,312,0.04809353114126412,351,0.43047619047619046,369,0.001770301531976571,430,0.024336283185840708
63,220,25,208,0.04775927732507091,24,0.4296577946768061,170,0.001769734705848806,11,0.022123893805309734
64,168,24,55,0.0475499909905849,366,0.4296577946768061,70,0.0017566912388818448,38,0.022123893805309734
65,234,24,14,0.04745038714441312,326,0.42924976258309594,291,0.0015955654544844728,58,0.022123893805309734
66,240,24,313,0.046450916176224794,334,0.42843601895734595,300,0.0015739956791342158,70,0.022123893805309734
67,349,24,339,0.04604600233873498,339,0.42803030303030304,237,0.001572452126234833,105,0.022123893805309734
68,24,23,291,0.04530932405915098,343,0.42803030303030304,58,0.0015369870403685903,172,0.022123893805309734
69,65,23,337,0.04506657291193935,425,0.42762535477767266,52,0.0015289308108437395,173,0.022123893805309734
70,159,23,170,0.04478364150681715,236,0.42722117202268434,27,0.0015225555409638261,183,0.022123893805309734
71,176,23,172,0.04464516070721002,322,0.42681775259678945,283,0.0014851038808605596,207,0.022123893805309734
72,180,22,38,0.04449288312249919,234,0.42641509433962266,235,0.0014849637723805085,231,0.022123893805309734
73,43,21,407,0.044257130583719446,327,0.42601319509896324,69,0.001484093974678878,235,0.022123893805309734
74,56,21,23,0.04388079035097773,50,0.4256120527306968,157,0.0014683855607662967,283,0.022123893805309734
75,70,21,349,0.04375028741587248,55,0.4256120527306968,160,0.0014683855607662967,294,0.022123893805309734
76,195,21,24,0.043589025659518416,187,0.424812030075188,161,0.0014683855607662967,309,0.022123893805309734
77,203,21,192,0.04288026411511645,58,0.4244131455399061,242,0.0014022483782145999,320,0.022123893805309734
78,209,21,13,0.04272717187157116,19,0.42401500938086306,204,0.0013451868246835495,343,0.022123893805309734
79,210,21,327,0.04254603393608897,319,0.42361761949390814,32,0.0013101882890012208,407,0.022123893805309734
80,235,21,343,0.04253429073056024,310,0.4232209737827715,191,0.0013043076632165793,23,0.01991150442477876
81,337,21,276,0.0425228629798446,421,0.42282507015902715,241,0.0012428561253159459,27,0.01991150442477876
82,207,20,334,0.042257356096288355,212,0.4224299065420561,341,0.0011926943672872458,35,0.01991150442477876
83,283,20,425,0.0421528818342066,228,0.4224299065420561,272,0.001172433614472487,49,0.01991150442477876
84,211,19,322,0.042008244304693965,62,0.42203548085901027,139,0.0011286827060620114,50,0.01991150442477876
85,346,19,249,0.04196932364743209,350,0.42203548085901027,233,0.001070720993017284,56,0.01991150442477876
86,362,19,68,0.041958996693231713,115,0.4204651162790698,295,0.0010667833267422613,115,0.01991150442477876
87,11,18,50,0.041591559306873596,349,0.4204651162790698,55,0.001030203837342224,180,0.01991150442477876
88,23,18,362,0.04146757709266327,306,0.4200743494423792,38,0.0010299832591514275,195,0.01991150442477876
89,50,18,335,0.04140203967274037,362,0.4200743494423792,347,0.0009967950995887701,202,0.01991150442477876
90,115,18,105,0.040677679984474524,223,0.41929499072356213,15,0.000956680858205201,230,0.01991150442477876
91,230,18,176,0.040263340530316244,391,0.41890639481000924,11,0.0009421813661665712,232,0.01991150442477876
92,309,18,165,0.040146349890145275,22,0.4185185185185185,183,0.0009405434908902284,234,0.01991150442477876
93,58,17,309,0.03938912074634508,113,0.4185185185185185,207,0.000920670040689017,274,0.01991150442477876
94,68,17,62,0.03921909232577276,407,0.4185185185185185,35,0.0008895439768771799,312,0.01991150442477876
95,165,17,58,0.039054678607352455,8,0.4181313598519889,23,0.0008856905989359331,317,0.01991150442477876
96,185,17,346,0.03892211980716734,129,0.4181313598519889,293,0.0008622348269578395,337,0.01991150442477876
97,192,17,1,0.03889104703546274,126,0.41735918744228995,230,0.0008324785264302581,111,0.017699115044247787
98,204,17,115,0.038862238327966724,221,0.41735918744228995,220,0.0008106828599578702,168,0.017699115044247787
99,291,17,90,0.03881752227762668,383,0.41735918744228995,308,0.0008021742279316858,169,0.017699115044247787
100,296,17,11,0.03877343727027877,90,0.41697416974169743,192,0.0008016109025741241,176,0.017699115044247787
101,343,17,236,0.03857581664100739,170,0.4165898617511521,290,0.000798502163862439,185,0.017699115044247787
102,407,17,228,0.03846517675425386,358,0.4165898617511521,352,0.0007774137028230833,192,0.017699115044247787
103,105,16,430,0.03839657767346478,1,0.4162062615101289,287,0.0007736295994742775,203,0.017699115044247787
104,242,16,183,0.03836288644114367,54,0.4162062615101289,1,0.0007611982582638481,204,0.017699115044247787
105,274,16,223,0.038196424941047254,93,0.4162062615101289,274,0.0007523788755500736,209,0.017699115044247787
106,326,16,221,0.0381950773569149,244,0.41544117647058826,56,0.0007517388453777903,210,0.017699115044247787
107,425,16,326,0.03818502879926425,63,0.4142988084326306,244,0.0007476294492776336,211,0.017699115044247787
108,1,15,319,0.03798353790067813,139,0.4142988084326306,195,0.0007375027528066922,242,0.017699115044247787
109,38,15,292,0.03781563490079321,265,0.4142988084326306,284,0.000733173930609289,290,0.017699115044247787
110,62,15,93,0.03761642994907974,252,0.4139194139194139,334,0.0007307942347645007,291,0.017699115044247787
111,212,15,171,0.03759812763593872,420,0.4139194139194139,351,0.0007265814610125964,296,0.017699115044247787
112,223,15,187,0.037383988807159756,141,0.41354071363220496,50,0.000709970411622281,326,0.017699115044247787
113,232,15,164,0.03719206292857076,266,0.41354071363220496,162,0.0007006404611784179,345,0.017699115044247787
114,312,15,129,0.03689084833476642,53,0.41316270566727603,430,0.0006971271033573583,346,0.017699115044247787
115,313,15,54,0.03629445799595895,59,0.41316270566727603,270,0.0006852961711754204,349,0.017699115044247787
116,54,14,310,0.035970055928737664,182,0.41316270566727603,298,0.0006806539860711375,362,0.017699115044247787
117,129,14,177,0.035963267905620724,243,0.41278538812785387,214,0.0006595664973029734,425,0.017699115044247787
118,171,14,104,0.03581367286118673,251,0.41278538812785387,115,0.0006531713393332379,1,0.015486725663716814
119,49,13,283,0.035682018180152555,9,0.4124087591240876,326,0.0006480339932764702,25,0.015486725663716814
120,111,13,166,0.03544688396921271,181,0.4124087591240876,343,0.0006464897902688375,51,0.015486725663716814
121,127,13,19,0.0354077592387419,382,0.4124087591240876,187,0.0006446524802979487,54,0.015486725663716814
122,164,13,277,0.034968846455903584,162,0.41203281677301734,320,0.0006354176418555588,62,0.015486725663716814
123,183,13,113,0.034953388854838355,375,0.41203281677301734,379,0.0006274263984951932,68,0.015486725663716814
124,277,13,185,0.03476264962391819,405,0.41203281677301734,22,0.0005845357475354725,76,0.015486725663716814
125,317,13,336,0.034375718254651355,406,0.41203281677301734,212,0.0005713338532526103,89,0.015486725663716814
126,327,13,274,0.034314849658171456,429,0.41203281677301734,358,0.0005543273740526362,90,0.015486725663716814
127,335,13,212,0.03378944176447191,155,0.4116575591985428,378,0.000541159752796794,93,0.015486725663716814
128,344,13,126,0.032884087451259446,395,0.4116575591985428,180,0.0005344530803694034,113,0.015486725663716814
129,431,13,89,0.03243260633164378,430,0.4109090909090909,172,0.000520497519549413,129,0.015486725663716814
130,35,12,109,0.03230268428158986,211,0.410535876475931,234,0.0005023587437309623,154,0.015486725663716814
131,104,12,141,0.03185149803771087,32,0.4101633393829401,319,0.0005023416883500512,165,0.015486725663716814
132,166,12,230,0.031603514469016415,203,0.4101633393829401,213,0.0004957178064627934,166,0.015486725663716814
133,202,12,351,0.031591194046579806,204,0.4101633393829401,179,0.0004885379853999975,187,0.015486725663716814
134,276,12,211,0.031573372356619805,209,0.4101633393829401,196,0.00047463695882264017,194,0.015486725663716814
135,286,12,306,0.03154997379093583,210,0.4101633393829401,112,0.00047346515839095173,196,0.015486725663716814
136,290,12,210,0.03148895730368753,199,0.4097914777878513,65,0.0004632335265821005,212,0.015486725663716814
137,306,12,209,0.03148428517136056,240,0.4097914777878513,113,0.0004575121319295948,221,0.015486725663716814
138,322,12,203,0.03144578225330993,81,0.40942028985507245,19,0.0004465991903316684,223,0.015486725663716814
139,358,12,421,0.03139632383665248,84,0.40942028985507245,60,0.0004459042615540114,237,0.015486725663716814
140,27,11,262,0.031301439403883094,87,0.40942028985507245,321,0.0004408790101389153,245,0.015486725663716814
141,76,11,35,0.031132214051801603,100,0.40942028985507245,296,0.00043655131190943093,247,0.015486725663716814
142,89,11,196,0.030915937036508707,131,0.40942028985507245,124,0.00042657949344466806,276,0.015486725663716814
143,90,11,296,0.030901413825020475,134,0.40942028985507245,253,0.0004203885376861275,277,0.015486725663716814
144,93,11,383,0.030867937674976084,137,0.40942028985507245,229,0.00041347955174216657,286,0.015486725663716814
145,113,11,382,0.03043883802473607,283,0.40942028985507245,231,0.00040458139681634144,313,0.015486725663716814
146,126,11,204,0.03043744922794351,387,0.40942028985507245,175,0.000404416301821828,344,0.015486725663716814
147,150,11,384,0.03031701799771023,96,0.4090497737556561,128,0.0004038452053964921,358,0.015486725663716814
148,187,11,391,0.030105786198848086,117,0.4090497737556561,391,0.00038754089101140275,3,0.01327433628318584
149,219,11,8,0.030099627368925415,123,0.4090497737556561,96,0.0003857358173634327,8,0.01327433628318584
150,221,11,431,0.030035287425968095,140,0.4090497737556561,223,0.00038419141169320365,15,0.01327433628318584
151,241,11,253,0.029862621520253842,179,0.4090497737556561,93,0.00036733045597984863,19,0.01327433628318584
152,247,11,112,0.029787968385504352,198,0.4090497737556561,337,0.0003639914726292777,22,0.01327433628318584
153,339,11,27,0.029762163573129847,92,0.4083107497741644,169,0.0003630309292715532,29,0.01327433628318584
154,353,11,244,0.029260686600675528,365,0.4083107497741644,2,0.0003614864698175278,31,0.01327433628318584
155,19,10,63,0.02923417938565639,125,0.40794223826714804,248,0.00035838971479462277,39,0.01327433628318584
156,51,10,350,0.02895929980216833,49,0.4072072072072072,92,0.000353004371937355,60,0.01327433628318584
157,109,10,317,0.028955900654865013,353,0.4072072072072072,142,0.0003516062215372578,74,0.01327433628318584
158,122,10,219,0.02894728073555725,264,0.40684068406840684,275,0.0003470900259788475,80,0.01327433628318584
159,154,10,265,0.028763047560299262,267,0.40684068406840684,306,0.0003412443677487144,83,0.01327433628318584
160,177,10,252,0.028655837587979967,299,0.40684068406840684,198,0.0003407840548236096,86,0.01327433628318584
161,196,10,179,0.028625092072326747,250,0.4064748201438849,85,0.0003331881752432912,94,0.01327433628318584
162,245,10,387,0.028568453806682825,298,0.4064748201438849,132,0.0003331881752432912,98,0.01327433628318584
163,262,10,117,0.02833940901494438,307,0.4064748201438849,135,0.0003331881752432912,99,0.01327433628318584
164,292,10,140,0.028107205218311306,431,0.4064748201438849,82,0.0003331881752432911,104,0.01327433628318584
165,310,10,370,0.027980061011521798,337,0.4053811659192825,88,0.0003331881752432911,106,0.01327433628318584
166,336,10,25,0.027908060782228107,392,0.4053811659192825,84,0.0003306865919191608,109,0.01327433628318584
167,364,10,358,0.027832400785002296,249,0.4050179211469534,81,0.000330448748540215,112,0.01327433628318584
168,394,10,198,0.027816597827431806,290,0.4050179211469534,87,0.000330448748540215,122,0.01327433628318584
169,422,10,266,0.027811568899685665,384,0.4050179211469534,131,0.0003304487485402149,126,0.01327433628318584
170,25,9,53,0.0278097184240262,390,0.4050179211469534,134,0.0003304487485402149,127,0.01327433628318584
171,29,9,395,0.0277724600556797,219,0.40465532676812893,137,0.0003301411011275743,130,0.01327433628318584
172,99,9,59,0.027772045897306627,106,0.40429338103756707,123,0.00032820797051194437,133,0.01327433628318584
173,147,9,123,0.027761049661983235,124,0.4032114183764496,94,0.0003270051025355279,136,0.01327433628318584
174,148,9,137,0.02774121691804114,138,0.4032114183764496,76,0.00032661256344329164,142,0.01327433628318584
175,153,9,84,0.027701398889808635,242,0.4032114183764496,247,0.00031529830201261553,150,0.01327433628318584
176,189,9,134,0.027700982227382372,370,0.4032114183764496,201,0.00031372618074812904,153,0.01327433628318584
177,194,9,87,0.02770098214381421,82,0.4028520499108734,166,0.00030957207715444265,164,0.01327433628318584
178,227,9,131,0.02770098214293957,85,0.4028520499108734,425,0.0003066891940322742,171,0.01327433628318584
179,228,9,81,0.027700982142939395,88,0.4028520499108734,264,0.0002945246198968217,189,0.01327433628318584
180,237,9,65,0.027688392457334374,128,0.4028520499108734,173,0.000293708763386565,197,0.01327433628318584
181,319,9,344,0.027522304448212433,132,0.4028520499108734,310,0.00029129324009082583,200,0.01327433628318584
182,391,9,96,0.02746301891121114,135,0.4028520499108734,140,0.00028915204598135245,201,0.01327433628318584
183,8,8,267,0.026969448239153614,118,0.40213523131672596,245,0.00028773890050462324,214,0.01327433628318584
184,22,8,92,0.02684803721684813,119,0.4017777777777778,276,0.00027730378606614253,219,0.01327433628318584
185,28,8,290,0.026831715731065183,175,0.4010647737355812,189,0.0002768941292175456,228,0.01327433628318584
186,80,8,153,0.026765895531469276,394,0.4010647737355812,344,0.0002758254106859343,229,0.01327433628318584
187,83,8,365,0.026709333061745773,422,0.4010647737355812,254,0.00027376057589526486,241,0.01327433628318584
188,86,8,307,0.02670825469373725,14,0.40070921985815605,356,0.00027317640454691683,244,0.01327433628318584
189,130,8,182,0.026470980987919772,207,0.4003542958370239,197,0.00026867164153614035,248,0.01327433628318584
190,133,8,311,0.026383806956272397,389,0.4003542958370239,8,0.0002637490064476267,253,0.01327433628318584
191,136,8,250,0.026179688364610234,415,0.4003542958370239,126,0.000263242270832605,256,0.01327433628318584
192,149,8,22,0.0261500367405507,423,0.4003542958370239,294,0.00025638039735451903,257,0.01327433628318584
193,179,8,251,0.02614435375932154,427,0.4003542958370239,59,0.0002550520716481746,258,0.01327433628318584
194,197,8,299,0.026113445123694786,270,0.4,232,0.0002525334695836602,259,0.01327433628318584
195,214,8,298,0.026085197843352087,379,0.4,250,0.00024978485532792965,260,0.01327433628318584
196,252,8,264,0.025982203252553956,408,0.4,153,0.00024259820346971065,261,0.01327433628318584
197,298,8,390,0.02594697053106623,418,0.4,389,0.0002395811174078062,262,0.01327433628318584
198,307,8,420,0.025938254087475087,417,0.39964633068081346,54,0.00023673050142866673,298,0.01327433628318584
199,351,8,127,0.025928903246441874,419,0.39964633068081346,228,0.00023580529304514382,306,0.01327433628318584
200,357,8,240,0.025779670645808887,284,0.3992932862190813,62,0.0002317050394730424,308,0.01327433628318584
201,359,8,199,0.02573802830437147,107,0.3989408649602824,322,0.00022968818957055457,310,0.01327433628318584
202,368,8,207,0.025706448489926707,241,0.3989408649602824,357,0.0002273947529217459,319,0.01327433628318584
203,31,7,429,0.025662265267363572,409,0.3989408649602824,90,0.0002267664389427353,322,0.01327433628318584
204,44,7,245,0.025549371211076165,426,0.3989408649602824,297,0.0002125997421910202,327,0.01327433628318584
205,53,7,286,0.025490584260219933,432,0.3989408649602824,98,0.0002112897016658157,335,0.01327433628318584
206,59,7,100,0.025305927866788053,105,0.3985890652557319,262,0.0002049552275855951,339,0.01327433628318584
207,63,7,247,0.025303857273781837,184,0.3985890652557319,136,0.00020477179192643344,341,0.01327433628318584
208,98,7,239,0.025272701285328728,272,0.3985890652557319,80,0.00020449477941815306,351,0.01327433628318584
209,100,7,9,0.025204085477916027,424,0.3985890652557319,133,0.00020449477941815306,352,0.01327433628318584
210,106,7,243,0.025172198427351813,411,0.39823788546255506,86,0.00020449477941815304,353,0.01327433628318584
211,117,7,281,0.025085928505535707,273,0.397887323943662,130,0.00020449477941815304,356,0.01327433628318584
212,118,7,282,0.025085928505535707,428,0.397887323943662,83,0.00020212433624677376,357,0.01327433628318584
213,141,7,181,0.025066163823600964,150,0.3975373790677221,313,0.0002004099243862012,359,0.01327433628318584
214,169,7,405,0.02501065843410732,413,0.3975373790677221,31,0.00019013790644975691,364,0.01327433628318584
215,199,7,406,0.02501065843410732,147,0.39718804920913886,89,0.00018997880195252402,367,0.01327433628318584
216,201,7,111,0.024858821617776004,148,0.39718804920913886,53,0.00018512132593484477,368,0.01327433628318584
217,229,7,408,0.02458373375644468,149,0.39718804920913886,168,0.00017933404684569528,391,0.01327433628318584
218,244,7,122,0.02332743021140766,371,0.39718804920913886,39,0.00017908530434668498,431,0.01327433628318584
219,265,7,94,0.023159732594386508,378,0.39718804920913886,154,0.00017713880137271075,28,0.011061946902654867
220,267,7,15,0.023007524026804966,401,0.39718804920913886,104,0.00016875421154295917,42,0.011061946902654867
221,308,7,418,0.022973966475408947,97,0.3968393327480246,359,0.00015939924636042862,44,0.011061946902654867
222,356,7,175,0.02290901531596983,144,0.3968393327480246,346,0.00015641610682409247,53,0.011061946902654867
223,365,7,375,0.0228582769696124,145,0.3968393327480246,182,0.00014722587544182086,57,0.011061946902654867
224,370,7,3,0.02278340993177915,151,0.3968393327480246,202,0.000144608423784393,59,0.011061946902654867
225,383,7,415,0.022726731441581022,268,0.3968393327480246,200,0.00014417301700982708,63,0.011061946902654867
226,387,7,392,0.0224350721661558,301,0.3968393327480246,367,0.00013534719824663736,81,0.011061946902654867
227,421,7,341,0.022352179505621777,414,0.3968393327480246,95,0.0001340893979120248,82,0.011061946902654867
228,440,7,189,0.022237420254263483,23,0.39649122807017545,277,0.00013343413125727145,84,0.011061946902654867
229,441,7,242,0.022134683790407953,143,0.39649122807017545,114,0.00013278853930652487,85,0.011061946902654867
230,3,6,197,0.02204891960116304,146,0.39649122807017545,218,0.000131884006423347,87,0.011061946902654867
231,15,6,353,0.021961988542183078,388,0.39649122807017545,368,0.0001315657627808169,88,0.011061946902654867
232,34,6,270,0.02179920264838094,393,0.39649122807017545,138,0.00013033276366080485,92,0.011061946902654867
233,37,6,417,0.021745892785293805,396,0.39649122807017545,185,0.00012756740276472322,95,0.011061946902654867
234,39,6,419,0.021745892785293805,397,0.39649122807017545,311,0.00012458747326425356,96,0.011061946902654867
235,42,6,237,0.02168973472299906,398,0.39649122807017545,307,0.00011899833656934556,100,0.011061946902654867
236,57,6,83,0.021636543476774878,399,0.39649122807017545,184,0.00011526882424078276,117,0.011061946902654867
237,60,6,136,0.02162712648119712,400,0.39649122807017545,440,0.00011126723861589225,118,0.011061946902654867
238,74,6,86,0.021625594913799492,402,0.39649122807017545,441,0.00011126723861589225,123,0.011061946902654867
239,81,6,133,0.02162559489402284,403,0.39649122807017545,286,0.00011074298778418467,124,0.011061946902654867
240,82,6,80,0.02162559489080809,404,0.39649122807017545,99,0.00010379421363860137,128,0.011061946902654867
241,84,6,130,0.021625594890808047,410,0.39649122807017545,361,0.00010299735508191204,131,0.011061946902654867
242,85,6,162,0.021594654182161242,412,0.39649122807017545,256,0.00010065037680588641,132,0.011061946902654867
243,87,6,125,0.021426314657747143,416,0.39649122807017545,259,0.00010065037680588641,134,0.011061946902654867
244,88,6,394,0.02140777432741162,20,0.39614373356704646,258,0.0001006503768058864,135,0.011061946902654867
245,92,6,422,0.02140777432741162,21,0.39614373356704646,261,0.0001006503768058864,137,0.011061946902654867
246,94,6,138,0.02133353733268409,269,0.39614373356704646,260,0.00010047199427167708,138,0.011061946902654867
247,95,6,106,0.02125693354672156,313,0.3951048951048951,100,9.430193215488422e-05,140,0.011061946902654867
248,96,6,39,0.02082372909040929,38,0.39270199826238056,380,9.39920890727185e-05,141,0.011061946902654867
249,112,6,142,0.02073775170857306,104,0.39100346020761245,117,9.325230122671399e-05,147,0.011061946902654867
250,119,6,103,0.020563941297213593,192,0.39100346020761245,421,9.26907604862181e-05,148,0.011061946902654867
251,123,6,118,0.020500824978292604,11,0.39066551426101986,221,9.119631605734941e-05,149,0.011061946902654867
252,124,6,85,0.020276532141079266,165,0.39066551426101986,239,8.973582045427348e-05,158,0.011061946902654867
253,128,6,135,0.02027651849508359,68,0.3896551724137931,377,8.935973949807514e-05,175,0.011061946902654867
254,131,6,88,0.020276516275989215,164,0.3896551724137931,362,8.861403938150635e-05,177,0.011061946902654867
255,132,6,132,0.020276516275960537,276,0.3886500429922614,29,8.841679003988352e-05,179,0.011061946902654867
256,134,6,82,0.020276516275955888,172,0.3873179091688089,211,8.72889940231512e-05,191,0.011061946902654867
257,135,6,124,0.02015506811760973,346,0.386986301369863,299,8.516832168304805e-05,198,0.011061946902654867
258,137,6,315,0.019988430909568266,317,0.3866552609067579,365,8.392756661108208e-05,199,0.011061946902654867
259,138,6,361,0.01996934526107058,336,0.3866552609067579,257,8.321849360864398e-05,213,0.011061946902654867
260,140,6,128,0.019915925544773172,292,0.3850085178875639,129,7.985347371592208e-05,218,0.011061946902654867
261,142,6,51,0.01982047606818127,171,0.3837011884550085,163,7.685211125048101e-05,224,0.011061946902654867
262,151,6,332,0.019754676491286413,277,0.3833757421543681,194,7.304393145591661e-05,227,0.011061946902654867
263,198,6,389,0.019682781446871404,177,0.3827265029635902,203,7.168476948303203e-05,239,0.011061946902654867
264,200,6,314,0.019545242158012323,176,0.38079191238416177,209,7.168476948303203e-05,250,0.011061946902654867
265,218,6,328,0.019521812015855164,183,0.3798319327731092,210,7.168476948303203e-05,252,0.011061946902654867
266,236,6,318,0.019514158473258967,166,0.3795130142737196,165,7.045592259069118e-05,254,0.011061946902654867
267,238,6,323,0.01950044779250888,230,0.3788767812238055,339,6.76361808424131e-05,264,0.011061946902654867
268,239,6,329,0.01950044779250888,274,0.37635303913405493,353,6.751449575293914e-05,265,0.011061946902654867
269,248,6,119,0.019463022457264324,109,0.37603993344425957,265,6.687545315475405e-05,267,0.011061946902654867
270,250,6,49,0.01933806678600802,196,0.37603993344425957,63,6.497534802383416e-05,292,0.011061946902654867
271,253,6,424,0.01930147691825995,262,0.37572734829592686,364,6.280135618699493e-05,297,0.011061946902654867
272,256,6,356,0.019209577175022596,253,0.3754152823920266,75,6.212958780302983e-05,299,0.011061946902654867
273,257,6,218,0.019205852782145937,112,0.375103734439834,141,5.833703275858664e-05,307,0.011061946902654867
274,258,6,95,0.019192412684391424,281,0.3747927031509121,122,4.914822971662998e-05,311,0.011061946902654867
275,259,6,152,0.019087738824898903,282,0.3747927031509121,387,4.885005242633453e-05,336,0.011061946902654867
276,260,6,342,0.019073217850786105,111,0.37355371900826445,199,4.7958033978168515e-05,361,0.011061946902654867
277,261,6,364,0.01902288186438326,311,0.3723228995057661,224,4.53865948222844e-05,365,0.011061946902654867
278,264,6,340,0.0189199738147293,27,0.3717105263157895,251,4.4614000843339575e-05,370,0.011061946902654867
279,266,6,333,0.018821238079495484,296,0.3717105263157895,267,4.221616192729889e-05,383,0.011061946902654867
280,281,6,316,0.018813277042799233,344,0.3701883701883702,118,4.067723467091636e-05,387,0.011061946902654867
281,282,6,324,0.01881157429307691,35,0.3698854337152209,73,3.982127748966666e-05,389,0.011061946902654867
282,285,6,325,0.01881157429307691,89,0.3695829926410466,349,3.535498433877746e-05,394,0.011061946902654867
283,288,6,330,0.01881157429307691,185,0.3695829926410466,383,3.182275355110122e-05,395,0.011061946902654867
284,299,6,331,0.01881157429307691,197,0.3695829926410466,127,3.144120126048192e-05,401,0.011061946902654867
285,311,6,423,0.018745924532580324,245,0.369281045751634,271,3.139532602083864e-05,413,0.011061946902654867
286,341,6,427,0.018745924532580324,247,0.369281045751634,51,3.0281850916428946e-05,420,0.011061946902654867
287,352,6,241,0.01867621203391119,153,0.3689795918367347,125,2.829568445799828e-05,421,0.011061946902654867
288,361,6,150,0.01846873643091636,25,0.36807817589576547,68,2.5772749425339853e-05,422,0.011061946902654867
289,367,6,184,0.01807987120049437,341,0.36718115353371245,219,2.492036193245029e-05,440,0.011061946902654867
290,372,6,308,0.01802149966031306,127,0.36658556366585565,335,2.4369384444139737e-05,441,0.011061946902654867
291,390,6,98,0.018014649915404055,189,0.36658556366585565,413,2.3546494515628985e-05,34,0.008849557522123894
292,395,6,222,0.018013097227964292,239,0.36658556366585565,164,2.2195337643639e-05,37,0.008849557522123894
293,401,6,411,0.017932478030877802,15,0.3659919028340081,42,1.9622078763024155e-05,40,0.008849557522123894
294,413,6,232,0.01790092875019973,286,0.3624699278267843,401,1.9622078763024155e-05,41,0.008849557522123894
295,423,6,149,0.017866495231110703,142,0.3607342378292099,370,1.8524788742025652e-05,45,0.008849557522123894
296,427,6,224,0.017726677342758804,297,0.3607342378292099,222,1.7758060852597285e-05,46,0.008849557522123894
297,40,5,396,0.017567137449067103,103,0.3601593625498008,176,1.718267758238064e-05,47,0.008849557522123894
298,41,5,410,0.017567137449067103,338,0.35987261146496813,215,1.675309300449108e-05,73,0.008849557522123894
299,45,5,428,0.017486979326133023,213,0.35958631662688945,45,1.480327280417542e-05,75,0.008849557522123894
300,46,5,413,0.01745807093446027,31,0.35930047694753575,150,1.3898972457142108e-05,77,0.008849557522123894
301,47,5,194,0.017423558678778574,34,0.35901509134233517,263,1.3821107065225347e-05,78,0.008849557522123894
302,73,5,404,0.017372875057235067,37,0.35901509134233517,327,1.3313951446402786e-05,79,0.008849557522123894
303,75,5,409,0.017351730558247583,191,0.35901509134233517,345,1.2214088771226722e-05,103,0.008849557522123894
304,77,5,426,0.017351730558247583,237,0.35901509134233517,227,1.2208261026805336e-05,107,0.008849557522123894
305,78,5,107,0.0171674511359972,51,0.3578780680918448,252,1.1866685728114609e-05,114,0.008849557522123894
306,79,5,371,0.017156634444461118,194,0.3578780680918448,373,1.1855005919327092e-05,119,0.008849557522123894
307,103,5,227,0.017144787542586245,340,0.35731225296442687,374,1.1855005919327092e-05,125,0.008849557522123894
308,144,5,147,0.01709973754353421,65,0.3570300157977883,44,1.1446212611764088e-05,144,0.008849557522123894
309,145,5,148,0.01709973754353421,315,0.3570300157977883,57,8.993452766386071e-06,145,0.008849557522123894
310,157,5,432,0.01703501345050961,328,0.35674822415153906,268,8.175866151260063e-06,151,0.008849557522123894
311,160,5,272,0.01690731359953549,332,0.35674822415153906,28,8.113573837726655e-06,157,0.008849557522123894
312,161,5,401,0.016827439389812827,152,0.35646687697160884,110,6.887547848637266e-06,160,0.008849557522123894
313,175,5,273,0.016788389302391328,314,0.35646687697160884,431,6.730028768721442e-06,161,0.008849557522123894
314,215,5,99,0.016772914516160028,318,0.35646687697160884,304,6.634131391308167e-06,162,0.008849557522123894
315,222,5,169,0.016635337021898903,323,0.35646687697160884,315,6.634131391308167e-06,163,0.008849557522123894
316,224,5,97,0.016449292434174523,329,0.35646687697160884,149,6.540692921008051e-06,182,0.008849557522123894
317,304,5,151,0.016445463813177037,356,0.35646687697160884,97,5.995635177590715e-06,215,0.008849557522123894
318,314,5,301,0.016427603933532885,361,0.35646687697160884,404,4.905519690756039e-06,222,0.008849557522123894
319,315,5,191,0.016408274166487817,316,0.3561859732072498,332,3.92441575260483e-06,236,0.008849557522123894
320,323,5,229,0.016366168439305308,324,0.3561859732072498,103,3.847466424122383e-06,238,0.008849557522123894
321,329,5,414,0.016307889576445057,325,0.3561859732072498,382,3.8159246945090416e-06,251,0.008849557522123894
322,332,5,144,0.016253261137384976,330,0.3561859732072498,40,3.2703464605040255e-06,263,0.008849557522123894
323,373,5,145,0.016253261137384976,331,0.3561859732072498,41,3.2703464605040255e-06,266,0.008849557522123894
324,374,5,57,0.016069043688619594,333,0.3561859732072498,46,3.2703464605040255e-06,270,0.008849557522123894
325,389,5,214,0.01600806890630835,342,0.3561859732072498,47,3.2703464605040255e-06,272,0.008849557522123894
326,424,5,268,0.015843993758990524,57,0.35590551181102364,77,3.2703464605040255e-06,275,0.008849557522123894
327,125,4,402,0.01570399903236301,229,0.35590551181102364,78,3.2703464605040255e-06,281,0.008849557522123894
328,158,4,412,0.01570399903236301,95,0.3556254917387884,79,3.2703464605040255e-06,282,0.008849557522123894
329,191,4,397,0.015679082884957132,218,0.3556254917387884,144,3.2703464605040255e-06,285,0.008849557522123894
330,213,4,398,0.015679082884957132,263,0.3556254917387884,145,3.2703464605040255e-06,288,0.008849557522123894
331,251,4,399,0.015679082884957132,98,0.35478806907378335,314,3.2703464605040255e-06,304,0.008849557522123894
332,254,4,400,0.015679082884957132,193,0.35478806907378335,323,3.2703464605040255e-06,314,0.008849557522123894
333,263,4,143,0.01567908288495713,222,0.35395458104933436,329,3.2703464605040255e-06,315,0.008849557522123894
334,275,4,146,0.01567908288495713,308,0.35395458104933436,424,3.2703464605040255e-06,323,0.008849557522123894
335,297,4,388,0.01563184476419684,357,0.35229929851909586,171,3.2401163671716363e-06,329,0.008849557522123894
336,382,4,393,0.01563184476419684,201,0.35202492211838005,147,2.4527598453780193e-06,332,0.008849557522123894
337,420,4,403,0.01563184476419684,80,0.35120435120435123,148,2.4527598453780193e-06,372,0.008849557522123894
338,9,3,379,0.015580680217044942,83,0.35120435120435123,9,0.0,373,0.008849557522123894
339,18,3,378,0.015416672448022159,86,0.35120435120435123,18,0.0,374,0.008849557522123894
340,72,3,248,0.015252584913986551,130,0.35120435120435123,20,0.0,377,0.008849557522123894
341,107,3,297,0.015117787505044345,133,0.35120435120435123,21,0.0,380,0.008849557522123894
342,114,3,269,0.015045702622259786,136,0.35120435120435123,33,0.0,382,0.008849557522123894
343,143,3,416,0.015029461449469376,122,0.35093167701863354,34,0.0,390,0.008849557522123894
344,146,3,20,0.01501416191959457,39,0.3498452012383901,37,0.0,423,0.008849557522123894
345,152,3,21,0.01501416191959457,254,0.3487654320987654,72,0.0,424,0.008849557522123894
346,156,3,338,0.014591364741465572,232,0.34822804314329736,119,0.0,427,0.008849557522123894
347,162,3,257,0.01448874460673255,224,0.3479599692070824,143,0.0,443,0.008849557522123894
348,163,3,357,0.014218265380411342,154,0.3476923076923077,146,0.0,9,0.00663716814159292
349,178,3,260,0.014201187318331324,169,0.3468917881811205,151,0.0,18,0.00663716814159292
350,181,3,259,0.01420112962765898,227,0.34662576687116564,152,0.0,72,0.00663716814159292
351,182,3,261,0.014201129023946775,354,0.3458301453710788,156,0.0,97,0.00663716814159292
352,190,3,256,0.0142011290238258,275,0.34477498093058734,177,0.0,143,0.00663716814159292
353,193,3,258,0.014201129023824534,94,0.34424980959634427,178,0.0,146,0.00663716814159292
354,205,3,31,0.014114464391391107,364,0.34424980959634427,181,0.0,152,0.00663716814159292
355,216,3,263,0.014055841892270734,436,0.34424980959634427,190,0.0,156,0.00663716814159292
356,217,3,215,0.013930169088519118,437,0.34424980959634427,193,0.0,178,0.00663716814159292
357,225,3,436,0.013849550130643993,372,0.34372623574144484,205,0.0,181,0.00663716814159292
358,226,3,437,0.013849550130643993,99,0.3434650455927052,216,0.0,184,0.00663716814159292
359,243,3,154,0.013611734127943202,3,0.34294385432473445,217,0.0,190,0.00663716814159292
360,255,3,34,0.013605261587807012,248,0.34294385432473445,225,0.0,193,0.00663716814159292
361,270,3,37,0.013605261587807012,114,0.34268385140257773,226,0.0,205,0.00663716814159292
362,272,3,439,0.013347073831742915,359,0.34268385140257773,236,0.0,216,0.00663716814159292
363,273,3,213,0.012913413534999975,163,0.34087481146304677,238,0.0,217,0.00663716814159292
364,278,3,201,0.012824183037309657,255,0.3390847711927982,243,0.0,225,0.00663716814159292
365,279,3,178,0.0127528824127688,158,0.33857677902621724,255,0.0,226,0.00663716814159292
366,289,3,359,0.012542818653540132,156,0.3383233532934132,266,0.0,243,0.00663716814159292
367,301,3,202,0.012526869349034186,226,0.3383233532934132,269,0.0,255,0.00663716814159292
368,305,3,114,0.012042495070320486,446,0.3383233532934132,273,0.0,268,0.00663716814159292
369,316,3,193,0.011763309543691577,447,0.3383233532934132,278,0.0,271,0.00663716814159292
370,318,3,368,0.011657817081108836,368,0.33756534727408516,279,0.0,273,0.00663716814159292
371,324,3,285,0.011552801344831234,225,0.3373134328358209,281,0.0,278,0.00663716814159292
372,325,3,288,0.011552801344831234,285,0.337061894108874,282,0.0,279,0.00663716814159292
373,328,3,226,0.011538459542647341,288,0.337061894108874,285,0.0,289,0.00663716814159292
374,330,3,254,0.011089709072546507,200,0.33655994043186893,288,0.0,301,0.00663716814159292
375,331,3,372,0.01102342316318995,202,0.33605947955390336,289,0.0,305,0.00663716814159292
376,333,3,225,0.011021917281448279,214,0.33605947955390336,292,0.0,316,0.00663716814159292
377,338,3,367,0.010989793454067696,256,0.33605947955390336,301,0.0,318,0.00663716814159292
378,340,3,304,0.010979947596894689,257,0.33605947955390336,303,0.0,324,0.00663716814159292
379,342,3,200,0.010945893375812933,258,0.33605947955390336,305,0.0,325,0.00663716814159292
380,350,3,380,0.010580074847580431,259,0.33605947955390336,316,0.0,328,0.00663716814159292
381,354,3,377,0.010573831786948842,260,0.33605947955390336,318,0.0,330,0.00663716814159292
382,363,3,354,0.010207990817708266,261,0.33605947955390336,324,0.0,331,0.00663716814159292
383,371,3,305,0.010024698182948271,367,0.33580980683506684,325,0.0,333,0.00663716814159292
384,375,3,381,0.010009498997635558,279,0.33556050482553823,328,0.0,338,0.00663716814159292
385,376,3,376,0.0100092617045451,355,0.33556050482553823,330,0.0,340,0.00663716814159292
386,377,3,163,0.009425350400402944,360,0.33556050482553823,331,0.0,342,0.00663716814159292
387,380,3,275,0.009372401593038796,190,0.3343195266272189,333,0.0,350,0.00663716814159292
388,381,3,279,0.008062227187175303,438,0.3333333333333333,336,0.0,354,0.00663716814159292
389,385,3,156,0.00797000622445255,448,0.3328424153166421,338,0.0,363,0.00663716814159292
390,388,3,158,0.007678541975670359,363,0.3313782991202346,340,0.0,371,0.00663716814159292
391,392,3,190,0.007652260259449097,439,0.3313782991202346,342,0.0,375,0.00663716814159292
392,393,3,29,0.007488890534826371,215,0.32992700729927005,350,0.0,376,0.00663716814159292
393,396,3,438,0.007304486008147077,178,0.32777374909354606,354,0.0,378,0.00663716814159292
394,397,3,363,0.007014238019315479,352,0.32753623188405795,355,0.0,379,0.00663716814159292
395,398,3,446,0.006988927730993273,29,0.32611832611832614,360,0.0,381,0.00663716814159292
396,399,3,447,0.006988927730993273,60,0.32494608195542773,363,0.0,385,0.00663716814159292
397,400,3,28,0.006828959324810155,74,0.3242467718794835,371,0.0,388,0.00663716814159292
398,402,3,60,0.006401898013787863,380,0.3242467718794835,372,0.0,392,0.00663716814159292
399,403,3,255,0.006089439159268385,43,0.3235504652827487,375,0.0,393,0.00663716814159292
400,405,3,355,0.006028082773671512,304,0.3223965763195435,376,0.0,396,0.00663716814159292
401,406,3,360,0.006028082773671512,377,0.3223965763195435,381,0.0,397,0.00663716814159292
402,408,3,289,0.0060236990914743225,376,0.32193732193732194,385,0.0,398,0.00663716814159292
403,409,3,352,0.005312869227329824,381,0.32193732193732194,386,0.0,399,0.00663716814159292
404,410,3,385,0.005229215776944027,305,0.3217081850533808,388,0.0,400,0.00663716814159292
405,411,3,448,0.005177072098075567,73,0.3212508884150675,390,0.0,402,0.00663716814159292
406,412,3,373,0.00504818803086685,440,0.3212508884150675,392,0.0,403,0.00663716814159292
407,414,3,374,0.00504818803086685,441,0.3212508884150675,393,0.0,404,0.00663716814159292
408,415,3,435,0.004431791910807323,385,0.3203401842664777,394,0.0,405,0.00663716814159292
409,417,3,45,0.004379729047923244,45,0.32011331444759206,396,0.0,406,0.00663716814159292
410,418,3,74,0.0043239497338559115,28,0.31943462897526503,397,0.0,408,0.00663716814159292
411,419,3,46,0.0043027589802605536,373,0.31898376852505295,398,0.0,409,0.00663716814159292
412,426,3,18,0.004302287303690212,374,0.31898376852505295,399,0.0,410,0.00663716814159292
413,428,3,73,0.0043006384611783315,46,0.31853417899929526,400,0.0,411,0.00663716814159292
414,429,3,47,0.004299862637627307,47,0.31853417899929526,402,0.0,412,0.00663716814159292
415,432,3,434,0.00426976221405707,18,0.3183098591549296,403,0.0,414,0.00663716814159292
416,433,3,216,0.0042603398190661735,433,0.3178621659634318,405,0.0,415,0.00663716814159292
417,434,3,217,0.0042603398190661735,434,0.3178621659634318,406,0.0,417,0.00663716814159292
418,436,3,433,0.004250732180124136,435,0.31674842326559216,408,0.0,418,0.00663716814159292
419,437,3,43,0.004223033071097131,289,0.31608391608391606,409,0.0,419,0.00663716814159292
420,439,3,205,0.003949523466953834,443,0.3154221912072575,410,0.0,426,0.00663716814159292
421,442,3,443,0.0037557676917024494,442,0.31520223152022314,411,0.0,428,0.00663716814159292
422,443,3,442,0.0037505399047783193,216,0.31150930392832527,412,0.0,429,0.00663716814159292
423,446,3,440,0.0036690253621332065,217,0.31150930392832527,414,0.0,432,0.00663716814159292
424,447,3,441,0.0036690253621332065,205,0.3108665749656121,415,0.0,433,0.00663716814159292
425,97,2,238,0.0033556607342862875,271,0.30937713894592744,416,0.0,434,0.00663716814159292
426,268,2,271,0.00324765334470056,238,0.30396772024209817,417,0.0,436,0.00663716814159292
427,404,2,33,0.0028644343117894644,386,0.301937207748831,418,0.0,437,0.00663716814159292
428,20,1,110,0.002172760414730429,445,0.3009320905459387,419,0.0,439,0.00663716814159292
429,21,1,386,0.0018281202338563082,33,0.293888166449935,422,0.0,442,0.00663716814159292
430,33,1,445,0.0016096585426870291,444,0.2918011620400258,423,0.0,446,0.00663716814159292
431,184,1,449,0.001607295959163098,108,0.2857142857142857,426,0.0,447,0.00663716814159292
432,269,1,450,0.001607295959163098,449,0.28535353535353536,427,0.0,20,0.004424778761061947
433,271,1,444,0.0010556994591663393,450,0.28535353535353536,428,0.0,21,0.004424778761061947
434,355,1,302,0.0008672957299136533,110,0.28391959798994976,429,0.0,33,0.004424778761061947
435,360,1,108,0.0006535164483558295,302,0.255800792303339,432,0.0,108,0.004424778761061947
436,378,1,76,0.0003672439255827718,157,0.2536475869809203,433,0.0,110,0.004424778761061947
437,379,1,75,0.0003462281560831989,160,0.2536475869809203,434,0.0,269,0.004424778761061947
438,416,1,160,0.0003173655495819314,161,0.2536475869809203,435,0.0,302,0.004424778761061947
439,435,1,161,0.0003173655495819314,76,0.2518105849582173,436,0.0,355,0.004424778761061947
440,438,1,157,0.0003173655495819313,75,0.25139043381535037,437,0.0,360,0.004424778761061947
441,445,1,42,0.00019573896808882082,42,0.24511930585683298,438,0.0,416,0.004424778761061947
442,449,1,77,0.00019481921401835108,44,0.24511930585683298,439,0.0,435,0.004424778761061947
443,450,1,79,0.0001890987322233373,40,0.24498644986449863,442,0.0,438,0.004424778761061947
444,108,0,78,0.0001890650615393564,41,0.24498644986449863,444,0.0,445,0.004424778761061947
445,110,0,44,0.0001883948548332249,77,0.24498644986449863,445,0.0,449,0.004424778761061947
446,302,0,41,0.00018200248293964922,78,0.24498644986449863,446,0.0,450,0.004424778761061947
447,303,0,40,0.00018122710466359507,79,0.24498644986449863,447,0.0,303,0.0022123893805309734
448,386,0,72,0.00017456231383685712,72,0.24485373781148428,448,0.0,386,0.0022123893805309734
449,444,0,452,0.00014275390518082105,452,0.23991507430997877,449,0.0,444,0.0022123893805309734
450,448,0,278,3.619075341216279e-05,451,0.22233152975897688,450,0.0,448,0.0022123893805309734
451,451,0,303,3.2965969439462524e-05,303,0.2037871956717764,451,0.0,451,0.0022123893805309734
452,452,0,451,2.4839134724350393e-05,278,0.2025997310623039,452,0.0,452,0.0022123893805309734
