,TR,BC,CNC,DC,EC,PR,TC
1,1429,78,78,33,1429,78,1429.0
2,1430,150,281,34,1430,33,1430.0
3,1431,516,150,78,1431,281,1431.0
4,645,281,756,54,645,216,645.0
5,1432,216,301,294,1432,34,1432.0
6,1433,34,151,1429,1433,294,1433.0
7,1434,756,34,1430,1434,46,1434.0
8,1435,301,131,1431,1435,516,1435.0
9,1436,131,759,62,1436,327,1436.0
10,1437,203,1123,216,1437,219,1437.0
11,1438,151,757,645,1438,96,1438.0
12,1439,33,758,1432,1439,62,1439.0
13,1440,46,1178,1433,1440,654,1440.0
14,1441,219,1342,1434,1441,150,1441.0
15,1442,30,203,1435,1442,69,1442.0
16,1443,307,46,1436,1443,244,1443.0
17,1444,72,516,1437,1444,151,1444.0
18,1445,654,71,1438,1445,631,1445.0
19,1446,71,33,1439,1446,54,1446.0
20,1447,327,69,1440,1447,482,1447.0
21,33,53,72,1441,1448,415,33.0
22,34,127,30,1442,33,121,34.0
23,54,184,761,1443,34,71,54.0
24,62,697,762,1444,54,53,62.0
25,916,596,763,1445,53,9,916.0
26,913,402,517,1446,132,517,913.0
27,1201,55,225,1447,133,194,294.0
28,219,51,760,219,134,1018,219.0
29,294,69,307,281,561,973,1201.0
30,53,194,308,53,562,308,53.0
31,140,473,305,916,840,742,216.0
32,139,757,306,96,30,756,140.0
33,141,758,121,150,1190,136,139.0
34,142,56,309,327,1191,931,141.0
35,143,96,371,151,51,55,142.0
36,144,443,490,516,1550,362,143.0
37,145,186,370,654,52,916,144.0
38,146,121,77,756,839,443,145.0
39,147,517,79,913,1228,301,146.0
40,148,136,80,1201,1229,522,147.0
41,826,303,1195,46,131,97,148.0
42,825,590,1196,69,1551,496,826.0
43,827,222,1197,127,488,1000,825.0
44,828,45,646,301,489,239,827.0
45,829,330,853,362,654,377,828.0
46,830,695,1121,402,1529,984,829.0
47,831,1315,1122,517,756,481,830.0
48,832,547,641,697,761,1225,831.0
49,833,308,1005,1000,377,309,832.0
50,834,54,1172,1145,657,843,833.0
51,1061,343,149,71,375,88,834.0
52,1060,500,303,97,376,1145,1061.0
53,1062,1162,302,265,652,662,1060.0
54,1063,48,96,266,655,537,1062.0
55,1064,463,316,268,1295,547,1063.0
56,1065,676,94,631,190,761,1064.0
57,1066,97,317,742,507,473,1065.0
58,1067,329,283,931,508,82,1066.0
59,1068,377,282,1107,509,300,1067.0
60,1069,761,280,30,762,1201,1068.0
61,132,265,279,72,763,56,1069.0
62,265,266,284,132,1008,913,265.0
63,266,268,285,194,1130,243,266.0
64,268,221,775,343,865,721,268.0
65,216,94,574,761,760,343,78.0
66,697,416,1177,806,464,500,132.0
67,1107,371,575,1060,485,320,697.0
68,806,235,576,51,916,1,327.0
69,1145,464,1343,55,913,30,1107.0
70,133,490,1344,63,1315,7,1145.0
71,134,225,1451,94,1201,127,806.0
72,263,1356,1081,121,1468,744,281.0
73,561,984,500,140,1469,76,96.0
74,562,294,1221,139,1470,72,263.0
75,805,523,764,141,1024,402,805.0
76,807,346,765,142,1025,45,807.0
77,914,302,54,143,774,265,914.0
78,915,742,892,144,914,266,915.0
79,1106,309,596,145,915,268,133.0
80,1105,638,977,146,55,976,134.0
81,1108,1107,53,147,56,590,561.0
82,1109,764,1088,148,1000,371,562.0
83,1110,765,654,218,893,1286,1071.0
84,1111,114,840,263,1206,12,1106.0
85,1112,342,132,293,1207,1120,1105.0
86,1113,162,133,307,1208,1162,1108.0
87,1153,282,134,416,327,189,1109.0
88,1152,428,561,482,1202,275,1110.0
89,1154,1026,562,695,1203,303,1111.0
90,1155,57,709,805,1204,490,1112.0
91,1156,522,327,807,1205,697,1113.0
92,1157,652,638,826,402,1060,1153.0
93,1158,655,657,825,775,25,1152.0
94,1159,277,127,827,1060,24,1154.0
95,1160,278,463,828,1061,207,1155.0
96,327,316,652,829,1062,1294,1156.0
97,1071,775,655,830,1063,416,1157.0
98,63,931,1190,831,1064,296,1158.0
99,293,62,1191,832,1065,186,1159.0
100,343,375,1130,833,1066,350,1160.0
101,281,376,1550,834,1067,302,654.0
102,1000,1357,162,914,1068,1356,343.0
103,78,1358,839,915,1069,117,402.0
104,96,1000,1551,1061,140,872,756.0
105,402,774,70,1062,139,94,1000.0
106,742,985,639,1063,141,719,63.0
107,262,759,865,1064,142,277,150.0
108,264,746,304,1065,143,278,293.0
109,267,362,1460,1066,144,1054,127.0
110,269,149,97,1067,145,1336,151.0
111,386,76,330,1068,146,806,742.0
112,385,744,963,1069,147,106,516.0
113,387,709,964,1071,148,314,97.0
114,388,403,331,56,826,642,761.0
115,389,218,216,133,825,900,931.0
116,390,1504,346,134,827,947,69.0
117,391,860,788,277,828,1035,262.0
118,392,132,1255,278,829,1142,264.0
119,453,64,51,283,830,171,267.0
120,452,328,774,308,831,177,269.0
121,454,916,402,377,832,218,362.0
122,455,1088,194,473,833,375,386.0
123,456,524,515,522,834,597,385.0
124,457,482,514,561,764,51,387.0
125,458,1201,894,562,765,956,388.0
126,459,244,52,662,653,166,389.0
127,654,631,191,744,656,227,390.0
128,1070,913,45,1018,62,319,391.0
129,1072,1145,44,1106,892,430,392.0
130,1073,247,428,1105,894,445,416.0
131,1202,415,1361,1108,378,820,453.0
132,1203,481,1362,1109,1263,930,452.0
133,1204,973,192,1110,912,1010,454.0
134,1205,300,193,1111,917,1585,455.0
135,1206,657,1363,1112,31,1491,456.0
136,1207,1130,1008,1113,32,1493,457.0
137,1208,893,1087,1153,78,638,458.0
138,1394,63,674,1152,57,283,459.0
139,1395,293,1086,1154,58,695,1070.0
140,1396,1018,1089,1155,806,860,1072.0
141,1397,662,776,1156,805,337,1073.0
142,1562,1286,710,1157,807,1315,1202.0
143,1563,305,310,1158,219,128,1203.0
144,1564,9,377,1159,1071,1429,1204.0
145,1565,82,375,1160,776,1430,1205.0
146,1566,88,376,1286,1070,1431,1206.0
147,1567,843,157,1315,1072,118,1207.0
148,127,976,158,12,1073,439,1208.0
149,756,840,443,64,203,475,1394.0
150,416,537,736,136,1256,478,1395.0
151,761,806,737,252,1257,1026,1396.0
152,931,255,1295,262,362,652,1397.0
153,97,254,464,264,1145,655,1562.0
154,150,12,190,267,63,245,1563.0
155,151,496,507,269,759,1504,1564.0
156,277,563,508,282,757,676,1565.0
157,278,1120,509,303,758,587,1566.0
158,94,337,1228,309,416,428,1567.0
159,283,224,1229,386,863,376,301.0
160,362,296,152,385,864,282,94.0
161,403,1071,488,387,1123,358,277.0
162,516,191,489,388,697,357,278.0
163,743,239,738,389,343,329,218.0
164,932,1060,1529,390,1562,591,283.0
165,69,805,485,391,1563,114,517.0
166,218,807,1082,392,1564,57,631.0
167,695,721,1083,403,1565,524,695.0
168,280,283,235,415,1566,64,403.0
169,279,515,416,453,1567,263,743.0
170,282,743,99,452,216,663,932.0
171,284,7,95,454,1394,805,30.0
172,285,189,98,455,1395,807,71.0
173,301,275,100,456,1396,532,72.0
174,401,670,708,457,1397,531,194.0
175,404,932,31,458,1347,530,280.0
176,405,1429,32,459,1348,286,279.0
177,517,1430,265,481,265,288,282.0
178,1404,1431,266,523,266,1107,284.0
179,1405,320,268,537,268,539,285.0
180,1406,350,590,652,808,330,401.0
181,1407,1491,908,655,328,563,404.0
182,1408,1493,1341,743,121,550,405.0
183,631,252,1039,764,263,196,744.0
184,744,117,1040,765,547,195,1404.0
185,764,207,1549,775,307,342,1405.0
186,765,243,550,843,221,410,1406.0
187,775,669,548,860,1404,412,1407.0
188,840,872,549,932,1405,408,1408.0
189,30,1294,1030,984,1406,453,307.0
190,72,24,120,1070,1407,458,764.0
191,252,25,491,1072,1408,459,765.0
192,307,118,493,1073,184,63,775.0
193,531,439,866,1120,934,203,1286.0
194,530,475,867,1202,1461,609,1315.0
195,532,478,492,1203,1016,293,252.0
196,652,1054,55,1204,1313,669,377.0
197,655,1225,1026,1205,1312,1358,652.0
198,1286,1336,56,1206,1314,1357,655.0
199,1315,217,1416,1207,1316,323,840.0
200,126,956,1417,1208,262,162,51.0
201,194,1,499,1356,264,154,531.0
202,220,106,700,1394,267,153,530.0
203,377,126,701,1395,269,229,532.0
204,860,171,702,1396,1107,228,662.0
205,1018,177,1182,1397,277,259,860.0
206,1504,201,1481,1504,278,258,1018.0
207,36,202,1482,1562,403,339,1504.0
208,35,263,450,1563,218,341,46.0
209,37,314,502,1564,294,132,126.0
210,38,323,501,1565,401,567,220.0
211,39,597,503,1566,404,574,12.0
212,40,642,893,1567,405,1087,55.0
213,71,719,1315,9,1106,464,56.0
214,337,900,329,45,1105,321,64.0
215,349,914,1468,48,1108,463,308.0
216,348,915,1469,76,1109,927,375.0
217,350,947,1470,126,1110,1589,376.0
218,351,1035,1024,186,1111,172,473.0
219,352,1142,1025,203,1112,174,482.0
220,353,472,219,220,1113,1252,523.0
221,375,128,328,221,417,1254,657.0
222,376,574,653,225,220,764,1120.0
223,657,663,656,239,1255,1017,36.0
224,662,1087,863,244,465,48,35.0
225,694,220,864,280,466,502,37.0
226,693,152,326,279,64,630,38.0
227,696,166,222,284,329,783,39.0
228,698,227,218,285,1153,746,40.0
229,770,319,221,316,1152,775,221.0
230,771,321,220,320,1154,235,225.0
231,772,358,224,328,1155,693,316.0
232,773,357,417,330,1156,403,337.0
233,800,430,1404,337,1157,914,346.0
234,799,445,1405,346,1158,915,349.0
235,801,539,1406,350,1159,1023,348.0
236,802,550,1407,371,1160,307,350.0
237,803,587,1408,375,222,255,351.0
238,804,609,1189,376,281,254,352.0
239,892,820,126,401,65,774,353.0
240,912,930,128,404,224,1135,522.0
241,917,1010,770,405,150,589,694.0
242,944,1585,771,443,944,346,693.0
243,945,531,772,496,945,126,696.0
244,966,530,773,531,516,953,698.0
245,965,532,1021,530,596,952,770.0
246,967,408,1022,532,1504,951,771.0
247,968,410,1023,547,326,1071,772.0
248,969,412,461,590,308,1274,773.0
249,970,589,460,638,742,1273,800.0
250,1017,591,462,657,293,328,799.0
251,1190,1135,640,746,305,515,801.0
252,1191,245,163,774,69,201,802.0
253,1278,286,136,840,255,202,803.0
254,1306,288,1214,956,254,932,804.0
255,1307,502,1215,973,908,507,892.0
256,1308,630,1216,1162,931,508,912.0
257,1309,783,1217,1404,1514,670,917.0
258,1368,983,48,1405,371,140,944.0
259,1369,1550,217,1406,1189,139,945.0
260,1464,99,223,1407,151,826,956.0
261,1465,1589,252,1408,309,825,966.0
262,1466,3,251,24,306,141,965.0
263,1467,2,345,25,1282,142,967.0
264,1505,4,347,36,1283,143,968.0
265,1506,5,1041,35,1560,827,969.0
266,1507,6,1452,37,1561,828,970.0
267,1508,8,57,38,72,829,984.0
268,1509,10,58,39,743,144,1017.0
269,1533,11,277,40,252,145,1190.0
270,1534,13,278,99,932,386,1191.0
271,1535,14,403,117,301,385,1278.0
272,1570,15,401,128,999,830,1306.0
273,1571,17,404,162,90,831,1307.0
274,1572,16,405,189,517,1153,1308.0
275,1573,18,956,217,1412,1152,1309.0
276,12,21,1135,222,346,146,1368.0
277,51,20,1136,224,217,147,1369.0
278,64,22,1137,243,977,387,1464.0
279,99,23,1138,275,744,388,1465.0
280,221,28,955,300,46,389,1466.0
281,225,27,1384,302,473,832,1467.0
282,308,29,1385,305,695,833,1505.0
283,316,31,609,323,225,1154,1506.0
284,346,32,611,329,96,1155,1507.0
285,482,36,612,349,251,1156,1508.0
286,523,35,610,348,1278,1157,1509.0
287,956,37,429,351,1368,1158,1533.0
288,1120,38,676,352,1369,17,1534.0
289,46,39,378,353,71,16,1535.0
290,55,40,547,408,490,21,1570.0
291,56,43,1263,410,698,20,1571.0
292,217,42,675,412,694,28,1572.0
293,224,44,1347,463,693,27,1573.0
294,305,47,1348,490,696,36,99.0
295,408,49,442,500,77,35,121.0
296,410,50,739,524,79,37,309.0
297,412,52,465,589,80,38,537.0
298,473,58,466,591,1195,39,186.0
299,522,60,234,663,1196,40,217.0
300,590,59,233,676,1197,60,224.0
301,589,61,263,694,1041,59,305.0
302,591,65,262,693,48,67,320.0
303,984,67,264,696,370,66,328.0
304,1135,66,267,698,94,85,330.0
305,121,68,269,709,345,84,408.0
306,128,70,944,757,347,92,410.0
307,186,74,945,758,97,91,412.0
308,222,73,589,770,646,103,590.0
309,309,75,591,771,853,102,589.0
310,320,77,1180,772,1121,123,591.0
311,328,79,1181,773,1122,122,746.0
312,330,80,592,800,788,148,843.0
313,537,81,184,799,1349,180,1135.0
314,638,83,934,801,1350,179,1162.0
315,663,85,1461,802,1351,211,48.0
316,746,84,90,803,1352,210,128.0
317,757,86,1027,804,316,214,222.0
318,758,87,1389,872,746,213,303.0
319,843,90,697,892,641,249,481.0
320,1162,92,1145,893,1005,248,638.0
321,3,91,343,912,1172,291,663.0
322,2,93,1394,917,595,290,757.0
323,4,95,1395,944,303,355,758.0
324,5,98,1396,945,283,354,774.0
325,6,100,1397,966,302,367,45.0
326,48,103,473,965,1356,366,76.0
327,52,102,1313,967,317,373,136.0
328,95,104,1312,968,282,372,203.0
329,98,105,1314,969,860,380,323.0
330,100,107,1316,970,280,379,709.0
331,117,109,1282,1017,279,383,893.0
332,162,108,1283,1135,284,382,1356.0
333,190,112,1560,1190,285,390,3.0
334,196,111,1561,1191,1464,391,2.0
335,195,113,587,1278,1465,423,4.0
336,197,116,585,1306,1466,422,5.0
337,198,119,586,1307,1467,426,6.0
338,199,120,729,1308,685,425,24.0
339,203,123,135,1309,127,437,25.0
340,239,122,47,1368,709,436,52.0
341,243,124,49,1369,364,553,95.0
342,251,130,50,1464,365,552,98.0
343,303,129,685,1465,149,557,100.0
344,306,133,595,1466,136,556,117.0
345,323,134,276,1467,342,581,162.0
346,345,135,1556,1491,344,580,190.0
347,347,138,1557,1493,1178,619,196.0
348,409,137,1558,1505,1342,618,195.0
349,411,140,546,1506,363,636,197.0
350,468,139,1239,1507,223,635,198.0
351,467,141,186,1508,1357,679,199.0
352,469,142,185,1509,1358,678,239.0
353,470,143,695,1533,276,733,243.0
354,471,144,694,1534,99,732,251.0
355,507,145,693,1535,515,786,306.0
356,508,146,696,1570,1389,785,345.0
357,509,147,698,1571,1028,800,347.0
358,524,148,342,1572,1029,799,371.0
359,525,154,984,1573,1088,801,409.0
360,526,153,344,3,523,802,411.0
361,639,155,472,2,1452,803,468.0
362,664,156,985,4,514,804,467.0
363,665,157,1091,5,70,815,469.0
364,666,158,1092,6,100,814,470.0
365,708,161,474,7,708,834,471.0
366,709,160,1162,52,550,836,507.0
367,715,163,1413,82,1411,835,508.0
368,716,165,1414,88,1460,851,509.0
369,717,164,1415,95,95,850,524.0
370,718,167,715,98,98,856,525.0
371,762,170,716,100,1553,855,526.0
372,763,169,717,131,1554,884,639.0
373,774,173,718,149,1555,883,664.0
374,795,172,983,184,963,889,665.0
375,796,174,986,190,964,888,666.0
376,797,176,692,191,548,904,708.0
377,798,175,114,196,549,903,715.0
378,808,180,1163,195,574,910,716.0
379,871,179,113,197,1177,909,717.0
380,870,181,742,198,795,924,718.0
381,872,183,1356,199,796,923,762.0
382,873,182,62,201,797,942,763.0
383,874,185,746,202,798,941,795.0
384,878,188,294,207,590,958,796.0
385,877,187,523,247,1030,957,797.0
386,879,190,931,251,1087,961,798.0
387,880,192,1429,296,710,960,808.0
388,881,193,1430,306,638,966,871.0
389,893,196,1431,321,256,965,870.0
390,896,195,293,345,1505,967,872.0
391,895,197,743,347,1506,968,873.0
392,897,198,744,358,1507,969,874.0
393,898,199,932,357,1508,970,878.0
394,899,200,645,409,1509,981,877.0
395,908,206,1432,411,1451,980,879.0
396,927,205,1433,428,162,1043,880.0
397,935,208,1434,468,120,1042,881.0
398,936,209,1435,467,639,1098,896.0
399,937,211,1436,469,186,1097,895.0
400,938,210,1437,470,386,1102,897.0
401,977,212,1438,471,385,1101,898.0
402,995,214,1439,472,387,1159,899.0
403,994,213,1440,507,388,1160,908.0
404,996,215,1441,508,389,1185,927.0
405,997,223,1442,509,390,1184,935.0
406,998,226,1443,515,391,1199,936.0
407,1021,229,1444,525,392,1198,937.0
408,1022,228,1445,526,453,1223,938.0
409,1023,230,1446,539,452,1222,977.0
410,1047,231,1447,550,454,1261,995.0
411,1048,234,1278,563,455,1260,994.0
412,1049,233,1028,574,456,1324,996.0
413,1050,238,1029,587,457,1323,997.0
414,1117,237,1357,609,458,1332,998.0
415,1116,240,1358,639,459,1331,1021.0
416,1118,241,1368,664,674,1375,1022.0
417,1119,242,1369,665,500,1374,1023.0
418,1136,246,1000,666,310,1391,1047.0
419,1137,249,362,708,185,1390,1048.0
420,1147,248,522,715,575,1427,1049.0
421,1146,250,745,716,576,1426,1050.0
422,1148,251,806,717,546,1472,1117.0
423,1149,256,524,718,1239,1471,1116.0
424,1150,259,916,762,1086,1475,1118.0
425,1180,258,525,763,1089,1474,1119.0
426,1181,261,526,795,1221,1484,1136.0
427,1214,260,805,796,491,1483,1137.0
428,1215,262,807,797,493,1512,1147.0
429,1216,264,1071,798,1343,1511,1146.0
430,1217,267,860,808,1344,1538,1148.0
431,1228,269,1359,871,330,1537,1149.0
432,1229,271,1464,870,984,6,1150.0
433,1244,270,1465,873,152,18,1180.0
434,1245,274,1466,874,304,22,1181.0
435,1246,273,1467,878,1175,29,1214.0
436,1247,276,913,877,1176,43,1215.0
437,1273,280,1201,879,1081,42,1216.0
438,1274,279,1553,880,331,61,1217.0
439,1275,284,1554,881,745,68,1228.0
440,1276,285,1555,896,1039,86,1229.0
441,1287,287,1175,895,1040,93,1244.0
442,1288,289,1176,897,715,104,1245.0
443,1289,291,933,898,716,109,1246.0
444,1290,290,63,899,717,108,1247.0
445,1295,292,64,908,718,112,1273.0
446,1313,297,1107,927,472,111,1274.0
447,1312,298,1279,935,126,124,1275.0
448,1314,299,1280,936,463,130,1276.0
449,1316,304,1281,937,933,129,1287.0
450,1349,306,1411,938,1279,138,1288.0
451,1350,310,65,976,1280,137,1289.0
452,1351,312,1070,977,1281,161,1290.0
453,1352,311,1072,985,985,160,1295.0
454,1364,313,1073,995,700,165,1313.0
455,1365,315,1562,994,701,164,1312.0
456,1366,317,1563,996,702,181,1314.0
457,1367,318,1564,997,1082,183,1316.0
458,1400,322,1565,998,1083,182,1349.0
459,1399,324,1566,1021,1091,206,1350.0
460,1401,325,1567,1022,1092,205,1351.0
461,1402,326,1202,1023,770,212,1352.0
462,1403,331,1203,1026,771,215,1364.0
463,1413,333,1204,1047,772,238,1365.0
464,1414,332,1205,1048,773,237,1366.0
465,1415,334,76,1049,1549,250,1367.0
466,1468,335,808,1050,443,261,1400.0
467,1469,336,1381,1054,866,260,1399.0
468,1470,339,1588,1087,867,271,1401.0
469,1491,338,1016,1117,191,270,1402.0
470,1493,340,527,1116,738,292,1403.0
471,1500,341,1322,1118,194,312,1413.0
472,1501,344,1504,1119,128,311,1414.0
473,1502,345,861,1130,1481,334,1415.0
474,1503,347,862,1136,1482,335,1468.0
475,1518,349,1106,1137,474,356,1469.0
476,1519,348,1105,1147,1341,368,1470.0
477,1520,351,1108,1146,192,374,1491.0
478,1540,352,1109,1148,193,381,1493.0
479,1541,353,1110,1149,428,384,1500.0
480,1542,355,1111,1150,235,392,1501.0
481,24,354,1112,1180,47,395,1502.0
482,25,356,1113,1181,49,396,1503.0
483,45,359,914,1214,50,399,1518.0
484,76,360,915,1215,1361,400,1519.0
485,136,361,1514,1216,1362,419,1520.0
486,481,363,1349,1217,45,418,1540.0
487,1130,364,1350,1228,1021,424,1541.0
488,1356,365,1351,1229,1022,427,1542.0
489,1550,367,1352,1244,1023,434,9.0
490,9,366,1206,1245,157,433,189.0
491,189,368,1207,1246,158,438,275.0
492,191,369,1208,1247,736,448,329.0
493,201,370,364,1273,737,449,415.0
494,202,373,365,1274,44,471,463.0
495,275,372,255,1275,1363,484,496.0
496,302,374,254,1276,522,483,676.0
497,321,378,363,1287,492,487,1130.0
498,329,380,74,1288,587,486,1550.0
499,358,379,73,1289,524,498,191.0
500,357,381,75,1290,525,497,201.0
501,371,383,631,1294,526,506,202.0
502,415,382,912,1295,861,505,302.0
503,463,384,917,1313,862,512,321.0
504,472,386,1448,1312,1026,511,358.0
505,515,385,999,1314,1416,519,357.0
506,539,387,1256,1316,1417,518,472.0
507,550,388,1257,1336,585,521,500.0
508,587,389,795,1349,586,520,515.0
509,609,390,796,1350,1359,529,539.0
510,676,391,797,1351,450,528,550.0
511,985,392,798,1352,729,535,587.0
512,1357,394,1060,1357,589,534,609.0
513,1358,393,482,1358,591,545,985.0
514,7,395,1505,1364,499,544,1357.0
515,10,396,1506,1365,1182,554,1358.0
516,11,398,1507,1366,135,558,490.0
517,13,397,1508,1367,1180,560,574.0
518,14,399,1509,1400,1181,559,1087.0
519,15,400,1061,1399,692,569,7.0
520,47,401,1062,1401,592,568,10.0
521,49,404,1063,1402,983,571,11.0
522,50,405,1064,1403,1214,570,13.0
523,65,406,1065,1413,1215,573,14.0
524,70,409,1066,1414,1216,572,15.0
525,74,411,1067,1415,1217,578,47.0
526,73,413,1068,1468,502,577,49.0
527,75,414,1069,1469,501,582,50.0
528,77,417,140,1470,503,584,65.0
529,79,419,139,1500,1162,583,70.0
530,80,418,141,1501,1413,594,74.0
531,131,421,142,1502,1414,593,73.0
532,149,423,143,1503,1415,600,75.0
533,154,422,144,1518,956,599,77.0
534,153,424,145,1519,640,603,79.0
535,155,426,146,1520,986,602,80.0
536,156,425,147,1540,1135,615,131.0
537,192,427,148,1541,163,614,149.0
538,193,429,826,1542,1136,617,154.0
539,229,431,825,1550,1137,616,153.0
540,228,432,827,1,461,620,155.0
541,230,434,828,10,460,622,156.0
542,231,433,829,11,462,621,184.0
543,247,435,830,13,1138,624,192.0
544,259,437,831,14,955,623,193.0
545,258,436,832,15,676,627,207.0
546,296,438,833,47,609,628,229.0
547,298,440,834,49,675,633,228.0
548,299,441,481,50,1384,632,230.0
549,300,442,256,57,1385,637,231.0
550,317,444,662,65,611,648,247.0
551,322,447,1018,70,612,647,259.0
552,324,446,1153,74,76,660,258.0
553,325,448,1152,73,442,661,296.0
554,326,449,1154,75,739,668,298.0
555,333,450,1155,77,234,667,299.0
556,332,453,1156,79,233,673,300.0
557,334,452,1157,80,610,672,317.0
558,335,454,1158,106,429,680,322.0
559,339,455,1159,114,1381,683,324.0
560,338,456,1160,118,1588,684,325.0
561,340,457,1286,154,527,706,326.0
562,341,458,337,153,1322,707,333.0
563,360,459,247,155,631,725,332.0
564,361,461,1570,156,1027,726,334.0
565,378,460,1571,171,337,731,335.0
566,394,462,1572,177,1570,730,339.0
567,393,465,1573,192,1571,734,338.0
568,395,466,480,193,1572,748,340.0
569,396,468,479,229,1573,747,341.0
570,398,467,300,228,531,751,360.0
571,397,469,973,230,530,750,361.0
572,399,470,244,231,532,755,378.0
573,400,471,415,235,1533,754,394.0
574,413,474,12,245,1534,768,393.0
575,428,476,386,255,1535,769,395.0
576,447,477,385,254,1018,778,396.0
577,446,480,387,259,114,777,398.0
578,448,479,388,258,1163,787,397.0
579,449,484,389,286,1017,810,399.0
580,461,483,390,288,1306,809,400.0
581,460,485,391,298,1307,813,413.0
582,462,487,392,299,1308,812,428.0
583,480,486,453,314,1309,816,443.0
584,479,488,452,317,533,818,447.0
585,488,489,454,322,74,817,446.0
586,489,491,455,324,73,823,448.0
587,490,492,456,325,75,824,449.0
588,496,493,457,326,1556,837,461.0
589,500,495,458,333,1557,846,460.0
590,514,494,459,332,1558,847,462.0
591,533,498,537,334,350,849,480.0
592,540,497,843,335,349,848,479.0
593,541,499,1120,339,348,852,488.0
594,542,501,630,338,351,857,489.0
595,548,503,783,340,352,881,514.0
596,549,506,1244,341,353,885,533.0
597,563,505,1245,342,630,887,540.0
598,564,507,1246,360,783,886,541.0
599,565,508,1247,361,36,890,542.0
600,566,509,629,378,35,899,547.0
601,567,512,784,394,37,905,548.0
602,574,511,1574,393,38,907,549.0
603,585,513,1579,395,39,906,563.0
604,586,514,9,396,40,911,564.0
605,592,519,1124,398,800,921,565.0
606,595,518,1125,397,799,920,566.0
607,606,521,239,399,801,925,567.0
608,607,520,320,400,802,943,585.0
609,608,525,350,413,803,950,586.0
610,611,526,496,439,804,949,592.0
611,612,527,531,447,966,959,595.0
612,626,529,530,446,965,962,606.0
613,625,528,532,448,967,979,607.0
614,627,533,1046,449,968,978,608.0
615,628,535,1455,461,969,982,611.0
616,650,534,663,460,970,988,612.0
617,651,538,1017,462,629,987,626.0
618,653,540,1306,464,784,993,625.0
619,656,541,1307,475,1574,992,627.0
620,659,542,1308,478,1579,998,628.0
621,658,545,1309,480,1286,1007,650.0
622,660,544,1235,479,336,1006,651.0
623,661,546,1236,488,482,1012,653.0
624,682,548,1250,489,1303,1011,656.0
625,681,549,1251,502,1304,1014,659.0
626,683,553,664,514,1287,1013,658.0
627,684,552,665,533,1288,1032,660.0
628,689,554,666,540,1289,1031,661.0
629,690,557,1287,541,1290,1034,682.0
630,700,556,1288,542,1364,1033,681.0
631,701,558,1289,548,1365,1044,683.0
632,702,560,1290,549,1366,1053,684.0
633,705,559,1364,564,1367,1052,689.0
634,704,561,1365,565,662,1079,690.0
635,706,562,1366,566,1305,1078,700.0
636,707,564,1367,567,1244,1095,701.0
637,710,565,1412,585,1245,1096,702.0
638,724,566,296,586,1246,1099,705.0
639,723,567,24,592,1247,1103,704.0
640,725,569,25,595,663,1115,706.0
641,726,568,323,596,664,1114,707.0
642,767,571,349,597,665,1128,710.0
643,766,570,348,606,666,1127,724.0
644,768,573,351,607,481,1132,723.0
645,769,572,352,608,686,1131,725.0
646,776,575,353,611,408,1134,726.0
647,788,576,1491,612,410,1133,767.0
648,792,578,1493,626,412,1140,766.0
649,793,577,1533,625,1120,1139,768.0
650,794,581,1534,627,12,1150,769.0
651,822,580,1535,628,480,1165,776.0
652,821,582,298,630,479,1164,788.0
653,823,584,299,642,409,1169,792.0
654,824,583,36,650,411,1168,793.0
655,839,585,35,651,113,1186,794.0
656,845,586,37,653,1117,1194,822.0
657,844,592,38,656,1116,1193,821.0
658,846,594,39,659,1118,1200,823.0
659,847,593,40,658,1119,1211,824.0
660,894,595,117,660,1047,1212,839.0
661,952,598,189,661,1048,1219,845.0
662,951,600,243,682,1049,1218,844.0
663,953,599,275,681,1050,1224,846.0
664,954,603,408,683,792,1232,847.0
665,963,602,410,684,793,1231,894.0
666,964,606,412,689,794,1238,952.0
667,973,607,800,690,413,1237,951.0
668,1002,608,799,700,677,1241,953.0
669,1003,610,801,701,843,1240,954.0
670,1004,611,802,702,1273,1243,963.0
671,1016,612,803,705,1274,1242,964.0
672,1026,615,804,704,1275,1249,973.0
673,1028,614,872,706,1276,1248,1002.0
674,1029,617,966,707,1046,1259,1003.0
675,1041,616,965,710,1455,1258,1004.0
676,1054,619,967,719,239,1262,1016.0
677,1056,618,968,721,1515,1266,1026.0
678,1057,620,969,724,1516,1267,1028.0
679,1058,622,970,723,1517,1299,1029.0
680,1087,621,245,725,13,1298,1041.0
681,1091,624,336,726,14,1311,1054.0
682,1092,623,792,759,15,1310,1056.0
683,1094,626,793,767,1491,1321,1057.0
684,1093,625,794,766,1493,1320,1058.0
685,1095,627,7,768,1500,1325,1091.0
686,1096,628,82,769,1501,1327,1092.0
687,1124,629,88,776,1502,1326,1094.0
688,1125,633,539,783,1503,1329,1093.0
689,1138,632,563,788,1540,1328,1095.0
690,1166,636,976,792,1541,1333,1096.0
691,1167,635,1047,793,1542,1339,1124.0
692,1178,637,1048,794,320,882,1125.0
693,1195,639,1049,822,1235,1355,1138.0
694,1196,640,1050,821,1236,1354,1166.0
695,1197,641,1117,823,1250,1371,1167.0
696,1210,643,1116,824,1251,1370,1178.0
697,1209,646,1118,839,323,1373,1195.0
698,1211,648,1119,845,117,1372,1196.0
699,1212,647,1273,844,243,1376,1197.0
700,1255,650,1274,846,872,1387,1210.0
701,1256,651,1275,847,871,1386,1209.0
702,1257,653,1276,894,870,1392,1211.0
703,1263,656,1002,900,873,1403,1212.0
704,1265,659,1003,947,874,1422,1255.0
705,1264,658,1004,952,927,1423,1256.0
706,1266,660,435,951,935,1428,1257.0
707,1267,661,513,953,936,1450,1263.0
708,1279,664,1233,954,937,1449,1265.0
709,1280,665,1234,963,938,1453,1264.0
710,1281,666,246,964,1518,1360,1266.0
711,1282,668,414,983,1519,1458,1267.0
712,1283,667,922,1002,1520,1459,1279.0
713,1336,671,1230,1003,321,1473,1280.0
714,1335,673,677,1004,537,1476,1281.0
715,1337,672,1303,1016,3,1480,1282.0
716,1338,674,1304,1028,2,1479,1283.0
717,1342,675,201,1029,4,1485,1294.0
718,1361,677,202,1035,5,1487,1336.0
719,1362,679,321,1041,6,1486,1335.0
720,1411,678,1500,1056,196,1496,1337.0
721,1416,680,1501,1057,195,1495,1338.0
722,1417,682,1502,1058,197,1513,1342.0
723,1421,681,1503,1088,198,1523,1361.0
724,1420,683,1540,1091,199,1522,1362.0
725,1422,684,1541,1092,468,1526,1411.0
726,1423,685,1542,1094,467,1525,1416.0
727,1448,686,972,1093,469,1531,1417.0
728,1457,689,989,1095,470,1530,1421.0
729,1456,690,1497,1096,471,1539,1420.0
730,1458,692,10,1124,878,1544,1422.0
731,1459,694,11,1125,877,1543,1423.0
732,1460,693,13,1138,879,1547,1448.0
733,1515,696,14,1142,880,1548,1457.0
734,1516,698,15,1166,881,1569,1456.0
735,1517,699,540,1167,896,1568,1458.0
736,1546,700,541,1178,895,1577,1459.0
737,1545,701,542,1195,897,1578,1460.0
738,1547,702,689,1196,898,1581,1515.0
739,1548,705,690,1197,899,1580,1516.0
740,1551,704,1515,1210,995,1584,1517.0
741,1553,706,1516,1209,994,1583,1546.0
742,1554,707,1517,1211,996,3,1545.0
743,1555,708,1305,1212,997,2,1547.0
744,1556,710,409,1225,998,4,1548.0
745,1557,711,411,1255,1147,5,1551.0
746,1558,712,871,1256,1146,333,1553.0
747,1560,713,870,1257,1148,332,1554.0
748,1561,715,873,1263,1149,394,1555.0
749,1576,716,874,1265,1150,393,1556.0
750,1575,717,927,1264,1400,398,1557.0
751,1577,718,935,1266,1399,397,1558.0
752,1578,720,936,1267,1401,447,1560.0
753,184,724,937,1279,1402,446,1561.0
754,207,723,938,1280,1403,468,1576.0
755,245,725,1518,1281,322,467,1575.0
756,244,726,1519,1282,324,469,1577.0
757,255,729,1520,1283,325,470,1578.0
758,254,731,538,1335,842,626,245.0
759,286,730,842,1337,841,625,244.0
760,288,733,841,1338,539,659,255.0
761,443,732,3,1342,24,658,254.0
762,502,734,2,1361,25,682,286.0
763,547,736,4,1362,1270,681,288.0
764,630,737,5,1411,689,705,502.0
765,759,738,6,1416,690,704,630.0
766,783,739,196,1417,1536,724,759.0
767,983,745,195,1421,201,723,783.0
768,1088,748,197,1420,202,767,983.0
769,1294,747,198,1422,540,766,1088.0
770,1,751,199,1423,541,822,
771,1589,750,207,1448,542,821,
772,17,752,358,1457,538,845,
773,16,753,357,1456,240,844,
774,18,755,468,1458,241,878,
775,21,754,467,1459,415,877,
776,20,760,469,1460,1492,879,
777,22,762,470,1515,1494,880,
778,23,763,471,1516,23,896,
779,28,767,878,1517,369,895,
780,27,766,877,1546,247,897,
781,29,768,879,1545,116,898,
782,31,769,880,1547,242,995,
783,32,770,881,1548,1268,994,
784,44,771,896,1551,200,996,
785,57,772,895,1553,1124,997,
786,58,773,897,1554,1125,1094,
787,60,776,898,1555,973,1093,
788,59,778,899,1556,300,1147,
789,61,777,995,1557,244,1146,
790,67,780,994,1558,9,1148,
791,66,781,996,1560,296,1149,
792,68,784,997,1561,1002,1210,
793,82,786,998,1576,1003,1209,
794,81,785,1054,1575,1004,1265,
795,83,787,1147,1577,298,1264,
796,85,788,1146,1578,299,1400,
797,84,789,1148,1589,7,1399,
798,86,790,1149,17,1233,1401,
799,88,792,1150,16,1234,1402,
800,87,793,1294,18,10,1421,
801,92,794,1336,21,11,1420,
802,91,795,1400,20,414,1457,
803,93,796,1399,22,922,1456,
804,103,797,1401,23,245,1546,
805,102,798,1402,28,358,1545,
806,104,800,1403,27,357,1576,
807,106,799,322,29,189,1575,
808,105,801,324,31,275,87,
809,107,802,325,32,360,217,
810,114,803,533,44,361,1003,
811,118,804,1424,58,435,1002,
812,123,808,1425,60,513,465,
813,122,810,1536,59,1424,247,
814,124,809,297,61,1425,472,
815,157,813,495,67,567,1062,
816,158,812,494,66,606,1063,
817,170,815,780,68,607,1064,
818,169,814,781,81,608,1065,
819,171,816,1270,83,650,1066,
820,173,818,1409,85,651,1067,
821,172,817,1410,84,972,1068,
822,174,819,413,86,989,1069,
823,176,822,567,87,1497,1061,
824,175,821,606,92,359,316,
825,177,823,607,91,563,1111,
826,180,824,608,93,246,1112,
827,179,826,650,103,1230,1113,
828,181,825,651,102,1532,1109,
829,185,827,564,104,564,1110,
830,188,828,565,105,565,1106,
831,187,829,566,107,566,1105,
832,200,830,1532,123,297,1108,
833,208,831,23,122,8,191,
834,209,832,240,124,496,645,
835,211,833,241,152,188,1432,
836,210,834,369,157,187,1433,
837,212,836,686,158,274,1434,
838,214,835,81,166,273,1435,
839,213,837,83,170,1054,1436,
840,215,839,87,169,1336,1437,
841,223,842,711,173,1056,1438,
842,234,841,975,172,1057,1439,
843,233,845,974,174,1058,1440,
844,235,844,118,176,1335,1441,
845,249,846,360,175,1337,1442,
846,248,847,361,180,1338,1443,
847,250,849,439,179,82,1444,
848,256,848,475,181,154,1445,
849,274,851,478,185,153,1446,
850,273,850,1056,188,155,1447,
851,276,852,1057,187,156,842,
852,287,853,1058,200,229,841,
853,289,856,1335,208,228,349,
854,291,855,1337,209,230,348,
855,290,857,1338,211,231,351,
856,292,859,188,210,259,352,
857,304,861,187,212,258,353,
858,310,862,274,214,333,743,
859,314,863,273,213,332,789,
860,313,864,670,215,334,790,
861,315,865,721,223,335,1508,
862,331,866,8,227,339,1509,
863,342,867,991,234,338,1506,
864,344,871,1129,233,340,1507,
865,355,870,1498,249,341,1505,
866,354,873,1,248,394,757,
867,356,874,106,250,393,758,
868,359,878,154,256,395,1290,
869,364,877,153,274,396,1367,
870,365,879,155,273,398,1287,
871,367,880,156,276,397,1288,
872,366,881,171,287,399,1289,
873,368,884,177,289,400,1364,
874,369,883,200,291,447,1365,
875,370,885,229,290,446,1366,
876,373,887,228,292,448,1047,
877,372,886,230,304,449,1048,
878,374,889,231,310,626,1049,
879,380,888,259,313,625,1050,
880,379,890,258,315,627,1117,
881,381,892,286,319,628,1116,
882,383,894,288,331,659,1118,
883,382,896,314,344,658,1119,
884,384,895,333,355,660,188,
885,417,897,332,354,661,187,
886,423,898,334,356,682,871,
887,422,899,335,359,681,870,
888,424,901,339,364,683,874,
889,426,902,338,365,684,935,
890,425,904,340,367,705,936,
891,427,903,341,366,704,938,
892,435,905,394,368,706,873,
893,437,907,393,369,707,937,
894,436,906,395,370,724,99,
895,438,908,396,373,723,523,
896,439,910,398,372,725,983,
897,441,909,397,374,726,715,
898,464,911,399,380,767,716,
899,465,912,400,379,766,717,
900,466,917,447,381,768,718,
901,474,918,446,383,769,1313,
902,475,921,448,382,822,1312,
903,477,920,449,384,821,1314,
904,478,922,597,417,823,1316,
905,491,924,626,423,824,795,
906,493,923,625,422,845,796,
907,495,925,627,424,844,797,
908,494,926,628,426,846,798,
909,501,927,642,425,847,1216,
910,503,929,659,427,952,1217,
911,513,933,658,430,951,1214,
912,538,934,660,435,953,1215,
913,553,935,661,437,954,765,
914,552,936,682,436,1094,13,
915,554,937,681,438,1093,14,
916,557,938,683,441,1095,15,
917,556,940,684,445,1096,1515,
918,558,942,705,465,1166,1516,
919,575,941,704,466,1167,1517,
920,576,943,706,474,1210,606,
921,581,944,707,477,1209,607,
922,580,945,719,491,1211,608,
923,582,946,724,493,1212,1056,
924,596,948,723,495,1265,1335,
925,597,950,725,494,1264,1057,
926,610,949,726,501,1266,1058,
927,619,952,767,503,1267,1337,
928,618,951,766,513,1421,1338,
929,620,953,768,538,1420,720,
930,629,954,769,553,1422,1500,
931,636,955,822,552,1423,1501,
932,635,958,821,554,1457,1502,
933,637,957,823,557,1456,1503,
934,642,959,824,556,1458,149,
935,646,961,845,558,1459,1558,
936,674,960,844,575,1546,1556,
937,675,962,846,576,1545,1557,
938,677,963,847,581,1547,184,
939,679,964,900,580,1548,564,
940,678,966,947,582,1576,565,
941,680,965,952,610,1575,566,
942,711,967,951,619,1577,1244,
943,712,968,953,618,1578,1245,
944,713,969,954,620,495,1246,
945,719,970,1035,629,494,1247,
946,729,972,1094,636,780,461,
947,733,975,1093,635,781,460,
948,732,974,1095,637,1409,462,
949,734,977,1096,646,1410,1350,
950,736,979,1142,670,81,1351,
951,737,978,1166,669,83,1352,
952,738,981,1167,674,1055,1349,
953,752,980,1210,675,1419,47,
954,753,982,1209,677,1498,49,
955,760,986,1211,679,88,50,
956,780,988,1212,678,976,646,
957,781,987,1225,680,207,274,
958,784,989,1265,711,1294,273,
959,786,991,1264,712,286,792,
960,785,993,1266,713,288,793,
961,787,992,1267,729,87,794,
962,789,995,1421,733,711,208,
963,790,994,1420,732,975,1293,
964,815,996,1422,734,974,1292,
965,814,997,1423,736,208,1377,
966,816,998,1457,737,209,1477,
967,836,999,1456,738,287,209,
968,835,1002,1458,752,289,1378,
969,837,1003,1459,753,1293,1478,
970,842,1004,1492,760,1292,540,
971,841,1005,1494,780,1377,541,
972,851,1007,1546,781,1378,542,
973,850,1006,1545,784,1477,10,
974,852,1008,1547,786,1478,1562,
975,853,1009,1548,785,991,1563,
976,856,1012,1576,787,1129,1564,
977,855,1011,1575,789,439,1565,
978,857,1014,1577,790,118,1566,
979,861,1013,1578,815,478,1567,
980,862,1016,116,814,475,105,
981,863,1017,242,816,441,107,
982,864,1021,1268,820,477,170,
983,865,1022,208,836,1,169,
984,866,1023,209,835,171,176,
985,867,1024,359,837,177,175,
986,884,1025,441,842,597,313,
987,883,1027,477,841,642,315,
988,885,1028,1293,851,719,712,
989,889,1029,1292,850,947,713,
990,888,1030,1377,852,1035,901,
991,890,1032,1378,853,1142,902,
992,901,1031,1477,856,106,1037,
993,900,1034,1478,855,314,1038,
994,902,1033,669,857,900,1271,
995,904,1036,1055,861,1589,1272,
996,903,1037,1419,862,170,1488,
997,905,1038,1589,863,169,1489,
998,910,1039,105,864,176,1021,
999,909,1040,107,865,175,452,
1000,911,1041,170,866,712,454,
1001,924,1043,169,867,713,455,
1002,923,1042,176,884,752,456,
1003,925,1044,175,883,753,457,
1004,934,1045,287,885,789,1540,
1005,942,1046,289,889,790,1542,
1006,941,1047,313,888,1037,1541,
1007,943,1048,315,890,1038,862,
1008,947,1049,712,901,1084,861,
1009,955,1050,713,902,1271,74,
1010,958,1053,752,904,1272,73,
1011,957,1052,753,903,1488,75,
1012,959,1055,789,905,1489,252,
1013,961,1056,790,910,105,1570,
1014,960,1057,901,909,107,1571,
1015,962,1058,902,911,313,1572,
1016,975,1061,1037,924,315,1573,
1017,974,1062,1038,923,901,1306,
1018,976,1063,1084,925,902,1307,
1019,981,1064,1271,930,119,1308,
1020,980,1065,1272,934,440,1309,
1021,982,1066,1488,942,940,197,
1022,986,1067,1489,941,476,198,
1023,1008,1068,1346,943,918,199,
1024,1024,1069,1454,955,926,234,
1025,1025,1070,17,958,598,233,
1026,1030,1072,16,957,643,664,
1027,1035,1073,18,959,720,665,
1028,1037,1074,21,961,859,666,
1029,1038,1079,20,960,946,770,
1030,1039,1078,22,962,948,771,
1031,1040,1081,28,975,1036,772,
1032,1043,1082,27,974,1141,773,
1033,1042,1083,29,981,1318,220,
1034,1044,1084,60,980,1398,1425,
1035,1082,1086,59,982,17,495,
1036,1083,1089,61,986,16,494,
1037,1084,1091,67,1008,18,780,
1038,1086,1092,66,1010,21,781,
1039,1089,1094,68,1024,20,1409,
1040,1098,1093,85,1025,22,1410,
1041,1097,1095,84,1030,28,1535,
1042,1099,1096,86,1037,27,1533,
1043,1102,1098,92,1038,29,1534,
1044,1101,1097,91,1039,60,1518,
1045,1103,1099,93,1040,59,1519,
1046,1121,1102,103,1043,61,1520,
1047,1122,1101,102,1042,67,1361,
1048,1123,1103,104,1044,66,1040,
1049,1142,1106,119,1082,68,1235,
1050,1163,1105,123,1083,85,1236,
1051,1175,1108,122,1084,84,1250,
1052,1176,1109,124,1086,86,1251,
1053,1177,1110,166,1089,92,1464,
1054,1185,1111,173,1098,91,1465,
1055,1184,1112,172,1097,93,1466,
1056,1186,1113,174,1099,103,1467,
1057,1189,1115,180,1102,102,133,
1058,1199,1114,179,1101,104,345,
1059,1198,1117,181,1103,123,347,
1060,1200,1116,211,1121,122,360,
1061,1221,1118,210,1122,124,361,
1062,1223,1119,212,1123,173,954,
1063,1222,1121,214,1163,172,83,
1064,1224,1122,213,1175,174,81,
1065,1233,1123,215,1176,180,696,
1066,1234,1124,227,1177,179,698,
1067,1235,1125,249,1185,181,694,
1068,1236,1128,248,1184,211,985,
1069,1250,1127,250,1186,210,338,
1070,1251,1129,291,1189,212,155,
1071,1253,1132,290,1199,214,156,
1072,1252,1131,292,1198,213,230,
1073,1254,1134,319,1200,215,231,
1074,1261,1133,355,1221,249,340,
1075,1260,1136,354,1223,248,1166,
1076,1262,1137,356,1222,250,1167,
1077,1270,1138,367,1224,291,975,
1078,1271,1140,366,1233,290,974,
1079,1272,1139,368,1234,292,1404,
1080,1293,1141,373,1235,355,1405,
1081,1292,1147,372,1236,354,1406,
1082,1303,1146,374,1250,356,1407,
1083,1304,1148,380,1251,367,1408,
1084,1324,1149,379,1253,366,1279,
1085,1323,1150,381,1252,368,1280,
1086,1325,1153,383,1254,373,1281,
1087,1332,1152,382,1261,372,1233,
1088,1331,1154,384,1260,374,1234,
1089,1333,1155,423,1262,380,1414,
1090,1343,1156,422,1270,379,1415,
1091,1344,1157,424,1271,381,1413,
1092,1347,1158,426,1272,383,752,
1093,1348,1159,425,1293,382,753,
1094,1375,1160,427,1292,384,700,
1095,1374,1163,430,1303,423,701,
1096,1376,1165,437,1304,422,702,
1097,1377,1164,436,1324,424,1303,
1098,1378,1166,438,1323,426,1304,
1099,1381,1167,440,1325,425,1553,
1100,1384,1169,445,1332,427,1554,
1101,1385,1168,476,1331,437,1555,
1102,1389,1170,553,1333,436,77,
1103,1391,1172,552,1343,438,79,
1104,1390,1175,554,1344,553,80,
1105,1392,1176,557,1347,552,1195,
1106,1409,1177,556,1348,554,1196,
1107,1410,1178,558,1375,557,1197,
1108,1424,1180,581,1374,556,222,
1109,1425,1181,580,1376,558,364,
1110,1427,1182,582,1377,581,365,
1111,1426,1185,619,1378,580,689,
1112,1428,1184,618,1381,582,690,
1113,1451,1186,620,1384,619,1468,
1114,1461,1189,636,1385,618,1469,
1115,1472,1190,635,1389,620,1470,
1116,1471,1191,637,1391,636,409,
1117,1473,1194,679,1390,635,411,
1118,1475,1193,678,1392,637,509,
1119,1474,1195,680,1409,679,1416,
1120,1476,1196,733,1410,678,1417,
1121,1477,1197,732,1424,680,224,
1122,1478,1199,734,1425,733,657,
1123,1481,1198,786,1427,732,1412,
1124,1482,1200,785,1426,734,58,
1125,1484,1202,787,1428,786,686,
1126,1483,1203,815,1451,785,324,
1127,1485,1204,814,1461,787,325,
1128,1488,1205,816,1472,815,116,
1129,1489,1206,820,1471,814,1268,
1130,1512,1207,836,1473,816,1055,
1131,1511,1208,835,1475,836,1419,
1132,1513,1210,837,1474,835,611,
1133,1514,1209,851,1476,837,612,
1134,1529,1211,850,1477,851,643,
1135,1538,1212,852,1478,850,859,
1136,1537,1214,856,1481,852,918,
1137,1539,1215,855,1482,856,926,
1138,1574,1216,857,1484,855,948,
1139,1579,1217,884,1483,857,1036,
1140,1588,1219,883,1485,884,1141,
1141,8,1218,885,1488,883,1318,
1142,43,1221,889,1489,885,1398,
1143,42,1223,888,1512,889,527,
1144,90,1222,890,1511,888,167,
1145,109,1224,904,1513,890,226,
1146,108,1226,903,1514,904,318,
1147,112,1227,905,1529,903,406,
1148,111,1228,910,1538,905,421,
1149,113,1229,909,1537,910,431,
1150,116,1230,911,1539,909,432,
1151,119,1232,924,1574,911,444,
1152,120,1231,923,1579,924,699,
1153,130,1233,925,1585,923,819,
1154,129,1234,930,1588,925,929,
1155,135,1235,940,8,942,1009,
1156,138,1236,942,43,941,1045,
1157,137,1238,941,42,943,1074,
1158,152,1237,943,90,958,1170,
1159,161,1239,958,109,957,1418,
1160,160,1241,957,108,959,1586,
1161,163,1240,959,112,961,1587,
1162,165,1243,961,111,960,1492,
1163,164,1242,960,113,962,1494,
1164,167,1244,962,116,981,285,
1165,166,1245,981,119,980,280,
1166,183,1246,980,120,982,279,
1167,182,1247,982,130,1043,284,
1168,206,1249,1010,129,1042,336,
1169,205,1248,1043,135,1044,1384,
1170,227,1250,1042,138,1098,1385,
1171,226,1251,1044,137,1097,1124,
1172,238,1253,1098,161,1099,1125,
1173,237,1252,1097,160,1102,480,
1174,240,1254,1099,163,1101,479,
1175,241,1255,1102,165,1103,561,
1176,242,1256,1101,164,1185,1448,
1177,246,1257,1103,167,1184,1027,
1178,261,1259,1185,183,1186,119,
1179,260,1258,1184,182,1199,440,
1180,271,1261,1186,206,1198,441,
1181,270,1260,1199,205,1200,476,
1182,297,1262,1198,226,1223,477,
1183,312,1263,1200,238,1222,940,
1184,311,1265,1223,237,1224,1550,
1185,319,1264,1222,240,1253,709,
1186,318,1266,1224,241,1252,450,
1187,336,1267,1253,242,1254,359,
1188,363,1268,1252,246,1261,113,
1189,406,1270,1254,261,1260,1322,
1190,414,1271,1261,260,1262,1389,
1191,419,1272,1260,271,1324,190,
1192,418,1273,1262,270,1323,1202,
1193,421,1274,1324,297,1325,1203,
1194,429,1275,1323,312,1332,1204,
1195,431,1276,1325,311,1331,1205,
1196,430,1278,1332,318,1333,533,
1197,432,1279,1331,336,1375,262,
1198,434,1280,1333,363,1374,264,
1199,433,1281,1375,406,1376,267,
1200,440,1282,1374,414,1391,269,
1201,442,1283,1376,419,1390,287,
1202,445,1287,1391,418,1392,289,
1203,444,1288,1390,421,1427,1275,
1204,450,1289,1392,429,1426,1276,
1205,476,1290,1427,431,1428,866,
1206,484,1293,1426,432,1472,867,
1207,483,1292,1428,434,1471,692,
1208,485,1295,1472,433,1473,525,
1209,487,1299,1471,440,1475,526,
1210,486,1298,1473,442,1474,413,
1211,492,1303,1475,444,1476,671,
1212,498,1304,1474,450,1484,163,
1213,497,1305,1476,476,1483,401,
1214,499,1306,1484,484,1485,404,
1215,506,1307,1483,483,1512,405,
1216,505,1308,1485,485,1511,1092,
1217,512,1309,1512,487,1513,305,
1218,511,1311,1511,486,1538,1175,
1219,519,1310,1513,492,1537,1176,
1220,518,1313,1538,498,1539,134,
1221,521,1312,1537,497,721,298,
1222,520,1314,1539,499,670,299,
1223,527,1316,1585,506,669,840,
1224,529,1318,598,505,1346,1206,
1225,528,1321,643,512,1454,1208,
1226,535,1320,720,511,1225,1207,
1227,534,1322,859,519,671,1347,
1228,545,1324,918,518,1226,1348,
1229,544,1323,926,521,1227,173,
1230,546,1325,946,520,1345,1253,
1231,560,1327,948,527,166,1255,
1232,559,1326,1036,529,227,1136,
1233,569,1329,1141,528,319,1137,
1234,568,1328,1226,535,430,677,
1235,571,1332,1227,534,445,131,
1236,570,1331,1318,545,820,192,
1237,573,1333,1345,544,930,193,
1238,572,1335,1398,546,1010,100,
1239,578,1337,671,560,1585,157,
1240,577,1338,167,559,167,158,
1241,584,1339,226,569,226,736,
1242,583,882,318,568,318,737,
1243,594,1341,406,571,406,585,
1244,593,1342,421,570,421,586,
1245,598,1343,431,573,431,256,
1246,600,1344,432,572,432,1024,
1247,599,1345,444,578,444,1025,
1248,603,1346,699,577,699,1180,
1249,602,1347,819,584,819,1181,
1250,615,1348,929,583,929,538,
1251,614,1349,1009,594,1009,1082,
1252,617,1350,1045,593,1045,1083,
1253,616,1351,1074,598,1074,1396,
1254,622,1352,1170,600,1170,1397,
1255,621,1355,1418,599,1418,1394,
1256,624,1354,1586,603,1586,1395,
1257,623,1359,1587,602,1587,1482,
1258,633,1361,43,615,43,1481,
1259,632,1362,42,614,42,322,
1260,640,1363,109,617,109,650,
1261,641,1364,108,616,108,651,
1262,643,1365,112,622,112,917,
1263,648,1366,111,621,111,912,
1264,647,1367,130,624,130,863,
1265,668,1368,129,623,129,864,
1266,667,1369,138,633,138,200,
1267,670,1371,137,632,137,31,
1268,669,1370,161,640,161,32,
1269,671,1373,160,641,160,1343,
1270,673,1372,165,643,165,1344,
1271,672,1375,164,648,164,1121,
1272,685,1374,183,647,183,1122,
1273,686,1376,182,668,182,1016,
1274,692,1377,206,667,206,1257,
1275,699,1378,205,671,205,1256,
1276,720,1381,238,673,238,1163,
1277,721,1384,237,672,237,240,
1278,731,1385,261,685,261,241,
1279,730,1387,260,686,260,762,
1280,739,1386,271,692,271,763,
1281,745,1389,270,699,270,610,
1282,748,1391,312,720,312,225,
1283,747,1390,311,731,311,1270,
1284,751,1392,419,730,419,11,
1285,750,1394,418,739,418,1226,
1286,755,1395,434,745,434,1227,
1287,754,1396,433,748,433,1345,
1288,778,1397,484,747,484,675,
1289,777,1398,483,751,483,501,
1290,810,1400,487,750,487,548,
1291,809,1399,486,755,486,549,
1292,813,1401,498,754,498,991,
1293,812,1402,497,778,497,1178,
1294,818,1403,506,777,506,1514,
1295,817,1404,505,810,505,503,
1296,820,1405,512,809,512,1498,
1297,819,1406,511,813,511,435,
1298,849,1407,519,812,519,65,
1299,848,1408,518,818,518,242,
1300,859,1409,521,817,521,595,
1301,887,1410,520,819,520,1346,
1302,886,1411,529,849,529,1454,
1303,907,1412,528,848,528,221,
1304,906,1413,535,859,535,98,
1305,918,1414,534,887,534,95,
1306,921,1415,545,886,545,185,
1307,920,1416,544,907,544,629,
1308,922,1417,560,906,560,784,
1309,926,1418,559,918,559,1574,
1310,930,1419,569,921,569,1579,
1311,929,1421,568,920,568,1004,
1312,933,1420,571,922,571,944,
1313,940,1422,570,926,570,945,
1314,946,1423,573,929,573,1070,
1315,948,1424,572,933,572,1072,
1316,950,1425,578,940,578,1073,
1317,949,1427,577,946,577,1129,
1318,972,1426,584,948,584,1046,
1319,979,1428,583,950,583,1455,
1320,978,645,594,949,594,466,
1321,988,1432,593,972,593,414,
1322,987,1433,600,979,600,922,
1323,989,1434,599,978,599,499,
1324,991,1435,603,988,603,297,
1325,993,1436,602,987,602,596,
1326,992,1437,615,989,615,1138,
1327,999,1438,614,991,614,639,
1328,1005,1439,617,993,617,276,
1329,1007,1440,616,992,616,1028,
1330,1006,1441,622,999,622,1029,
1331,1010,1442,621,1005,621,598,
1332,1009,1443,624,1007,624,1282,
1333,1012,1444,623,1006,623,1283,
1334,1011,1445,633,1009,633,1560,
1335,1014,1446,632,1012,632,1561,
1336,1013,1447,648,1011,648,1305,
1337,1027,1448,647,1014,647,592,
1338,1032,1450,668,1013,668,640,
1339,1031,1449,667,1027,667,363,
1340,1034,1451,673,1032,673,70,
1341,1033,1452,672,1031,672,562,
1342,1036,1453,731,1034,731,442,
1343,1045,1360,730,1033,730,739,
1344,1046,1454,748,1036,748,344,
1345,1053,1455,747,1045,747,417,
1346,1052,1457,751,1046,751,429,
1347,1055,1456,750,1053,750,152,
1348,1074,1458,755,1052,755,759,
1349,1079,1459,754,1055,754,685,
1350,1078,1460,778,1074,778,1130,
1351,1081,1461,777,1079,777,999,
1352,1115,1464,810,1078,810,514,
1353,1114,1465,809,1081,809,1381,
1354,1128,1466,813,1115,813,1588,
1355,1127,1467,812,1114,812,893,
1356,1129,1468,818,1128,818,1411,
1357,1132,1469,817,1127,817,955,
1358,1131,1470,849,1129,849,489,
1359,1134,1472,848,1132,848,488,
1360,1133,1471,887,1131,887,474,
1361,1140,1473,886,1134,886,1536,
1362,1139,1475,907,1133,907,986,
1363,1141,1474,906,1140,906,708,
1364,1165,1476,921,1139,921,1022,
1365,1164,1477,920,1141,920,963,
1366,1169,1478,950,1165,950,964,
1367,1168,1480,949,1164,949,1362,
1368,1170,1479,979,1169,979,729,
1369,1172,1481,978,1168,978,1278,
1370,1182,1482,988,1170,988,1084,
1371,1194,1484,987,1172,987,1497,
1372,1193,1483,993,1182,993,331,
1373,1219,1485,992,1194,992,946,
1374,1218,1487,1007,1193,1007,1424,
1375,1226,1486,1006,1219,1006,44,
1376,1225,1488,1012,1218,1012,317,
1377,1227,1489,1011,1226,1011,1081,
1378,1230,1492,1014,1227,1014,1088,
1379,1232,1494,1013,1230,1013,908,
1380,1231,1496,1032,1232,1032,738,
1381,1238,1495,1031,1231,1031,1039,
1382,1237,1497,1034,1238,1034,1190,
1383,1239,1498,1033,1237,1033,1191,
1384,1241,1500,1053,1239,1053,1368,
1385,1240,1501,1052,1241,1052,1369,
1386,1243,1502,1079,1240,1079,760,
1387,1242,1503,1078,1243,1078,1091,
1388,1249,1505,1115,1242,1115,972,
1389,1248,1506,1114,1249,1114,989,
1390,1259,1507,1128,1248,1128,135,
1391,1258,1508,1127,1259,1127,492,
1392,1268,1509,1132,1258,1132,1228,
1393,1299,1512,1131,1268,1131,1229,
1394,1298,1511,1134,1299,1134,23,
1395,1305,1513,1133,1298,1133,369,
1396,1311,1514,1140,1305,1140,1182,
1397,1310,1515,1139,1311,1139,1030,
1398,1318,1516,1165,1310,1165,251,
1399,1321,1517,1164,1318,1164,1041,
1400,1320,1518,1169,1321,1169,711,
1401,1322,1519,1168,1320,1168,546,
1402,1327,1520,1194,1322,1194,1239,
1403,1326,1523,1193,1327,1193,306,
1404,1329,1522,1219,1326,1219,977,
1405,1328,1526,1218,1329,1218,304,
1406,1339,1525,1232,1328,1232,326,
1407,882,1529,1231,1339,1231,808,
1408,1341,1531,1238,882,1238,1189,
1409,1345,1530,1237,1341,1237,710,
1410,1346,1532,1241,1345,1241,223,
1411,1355,1533,1240,1346,1240,1359,
1412,1354,1534,1243,1355,1243,892,
1413,1359,1535,1242,1354,1242,120,
1414,1363,1536,1249,1359,1249,491,
1415,1371,1538,1248,1363,1248,493,
1416,1370,1537,1259,1371,1259,853,
1417,1373,1539,1258,1370,1258,776,
1418,1372,1540,1299,1373,1299,1342,
1419,1387,1541,1298,1372,1298,513,
1420,1386,1542,1311,1387,1311,1363,
1421,1398,1544,1310,1386,1310,933,
1422,1412,1543,1321,1398,1321,246,
1423,1418,1546,1320,1412,1320,1230,
1424,1419,1545,1327,1418,1327,788,
1425,1450,1547,1326,1419,1326,8,
1426,1449,1548,1329,1450,1329,575,
1427,1452,1549,1328,1449,1328,576,
1428,1453,1551,1339,1452,1339,378,
1429,1360,1553,882,1453,882,1263,
1430,1454,1554,1355,1360,1355,370,
1431,1455,1555,1354,1454,1354,1532,
1432,1480,1556,1371,1455,1371,1451,
1433,1479,1557,1370,1480,1370,1086,
1434,1487,1558,1373,1479,1373,1089,
1435,1486,1560,1372,1487,1372,1549,
1436,1492,1561,1387,1486,1387,1460,
1437,1494,1562,1386,1492,1386,90,
1438,1496,1563,1450,1494,1450,934,
1439,1495,1564,1449,1496,1449,1461,
1440,1497,1565,1453,1495,1453,674,
1441,1498,1566,1360,1497,1360,1295,
1442,1523,1567,1480,1498,1480,653,
1443,1522,1569,1479,1523,1479,656,
1444,1526,1568,1487,1522,1487,894,
1445,1525,1570,1486,1526,1486,1452,
1446,1531,1571,1496,1525,1496,1008,
1447,1530,1572,1495,1531,1495,52,
1448,1532,1573,1523,1530,1523,1551,
1449,1536,1574,1522,1532,1522,1123,
1450,1544,1576,1526,1536,1526,310,
1451,1543,1575,1525,1544,1525,1221,
1452,1549,1577,1531,1543,1531,641,
1453,1569,1578,1530,1549,1530,1005,
1454,1568,1579,1544,1569,1544,1172,
1455,1581,1581,1543,1568,1543,1341,
1456,1580,1580,1569,1581,1569,745,
1457,1584,1584,1568,1580,1568,1529,
1458,1583,1583,1581,1584,1581,865,
1459,1586,1586,1580,1583,1580,1177,
1460,1585,1587,1584,1586,1584,839,
1461,1587,1588,1583,1587,1583,485,
