,nodes,TC_i,nodes,PI_i,nodes,CC_i
0,105,0.5076,105,-0.6986,23,0.026222063314364545
1,16,0.5105999999999999,341,-0.1833,333,0.02689540298300051
2,196,0.5132,233,-0.1582,105,0.027566606936374506
3,42,0.5141,134,-0.1142,135,0.028365808880949018
4,3,0.5143,588,-0.1014,233,0.028909436555687743
5,299,0.5145,16,-0.0532,578,0.030488654532288145
6,49,0.5164,41,-0.0157,41,0.0308732727998677
7,204,0.5166,454,-0.0084,42,0.031143434874889905
8,205,0.5166,49,-0.0053,378,0.0321726266679514
9,46,0.5177,355,0.0033,52,0.03294654934001411
10,333,0.5179,182,0.0132,76,0.03456301964128026
11,434,0.5179,24,0.0467,429,0.03499269871916509
12,552,0.5179,52,0.1138,21,0.03570578118482734
13,116,0.5182,303,0.1292,134,0.03605949690556636
14,41,0.5185,376,0.189,355,0.03624407877934542
15,354,0.5186999999999999,660,0.2055,16,0.03649514104803591
16,389,0.5187999999999999,58,0.2064,468,0.03835393409687717
17,56,0.5188999999999999,612,0.2235,196,0.03865802298591429
18,140,0.5194,21,0.2271,137,0.03907632095363906
19,215,0.5194,183,0.2288,354,0.03994918395687902
20,332,0.5194,391,0.2288,332,0.04004303221429945
21,1,0.5197,76,0.2605,45,0.04014309904594447
22,24,0.52,116,0.2862,24,0.04114874802575819
23,21,0.5203,585,0.2963,237,0.041489645192416685
24,128,0.5205,73,0.3088,72,0.04184606483232247
25,198,0.521,72,0.3209,204,0.04186474147449076
26,23,0.5212,333,0.3211,116,0.04243435809345051
27,726,0.5219,467,0.3313,183,0.042457950221078955
28,219,0.5221,10,0.3384,128,0.042989341238031574
29,396,0.5221,508,0.3407,54,0.04317128873394226
30,212,0.5226999999999999,106,0.3427,49,0.04365740925691624
31,76,0.5231,754,0.3512,243,0.044760539251581244
32,146,0.5234,128,0.3513,241,0.04482632173540651
33,274,0.5236000000000001,661,0.3568,14,0.04526578332531575
34,152,0.524,42,0.3688,396,0.045338747836239604
35,39,0.5245,483,0.3734,316,0.04546907327280072
36,564,0.5245,269,0.3745,367,0.046274563405228085
37,57,0.5247999999999999,632,0.3745,3,0.04716011198318541
38,206,0.5247999999999999,811,0.3881,356,0.04722839528513275
39,143,0.525,942,0.3891,58,0.04766185712579872
40,201,0.525,321,0.3892,46,0.047827135049686
41,58,0.5253,697,0.3894,182,0.048038357749627156
42,504,0.5255000000000001,270,0.4032,106,0.04824204117825229
43,573,0.5255000000000001,120,0.4072,80,0.04831713952692364
44,756,0.5258,753,0.4141,10,0.04845940696549683
45,210,0.526,196,0.4188,40,0.04939503384031308
46,381,0.526,393,0.4223,687,0.049923919367493796
47,2,0.5266,564,0.4239,269,0.05010928498917894
48,54,0.5266,875,0.4339,82,0.0502292725854381
49,72,0.5266,308,0.4374,56,0.0504968260623564
50,303,0.5268999999999999,219,0.4381,532,0.050969913639887614
51,588,0.5268999999999999,178,0.4469,140,0.05100697958780425
52,341,0.5278,459,0.4491,38,0.05103468799712802
53,50,0.5281,259,0.451,339,0.05104425699086199
54,62,0.5281,706,0.4607,341,0.05128968104758606
55,134,0.5281,810,0.4636,81,0.05202544133823963
56,390,0.5281,648,0.4651,120,0.052149876853570344
57,14,0.5284,395,0.4661,564,0.052291874103459535
58,185,0.5284,500,0.4693,185,0.05264183199360583
59,384,0.5284,310,0.4751,70,0.052684690588474435
60,393,0.5287,659,0.4769,51,0.05311629301319074
61,19,0.5291,90,0.4787,73,0.05339393919589397
62,446,0.5291,201,0.4791,206,0.053411568712818186
63,355,0.5294,578,0.4806,69,0.05351856558323445
64,120,0.5298,938,0.4833,143,0.05378140797185287
65,10,0.5305,724,0.4857,7,0.05379486771858415
66,233,0.5305,316,0.4888,19,0.05407135198307214
67,282,0.5305,1007,0.4907,39,0.05409158242080396
68,4,0.5308999999999999,540,0.4962,74,0.05416915011236375
69,327,0.5308999999999999,396,0.4979,504,0.05534238061214089
70,356,0.5308999999999999,14,0.5,50,0.05546504212215297
71,590,0.5308999999999999,522,0.5152,368,0.055515089743472926
72,69,0.5312,312,0.5157,201,0.055643385011602174
73,193,0.5312,944,0.5185,13,0.0556744277221898
74,52,0.5316000000000001,507,0.5221,434,0.056805643811639175
75,64,0.5321,169,0.5267,30,0.05692911209694344
76,59,0.5325,326,0.5268,376,0.057036146304833224
77,216,0.5325,878,0.5302,454,0.05730939829574355
78,571,0.5325,652,0.5307,131,0.05768593196931955
79,401,0.5328999999999999,590,0.5308,329,0.05837581867880394
80,150,0.5338,94,0.5328,271,0.05847551012440328
81,886,0.5338,614,0.5337,458,0.0585681653974732
82,888,0.5338,45,0.5341,31,0.05870582800193222
83,85,0.5342,491,0.5348,94,0.05922068318550413
84,452,0.5342,1037,0.5377,213,0.05933496978367935
85,454,0.5342,38,0.5379,198,0.05938361836407734
86,218,0.5347,985,0.5388,452,0.05945168091400032
87,30,0.5352,654,0.5396,331,0.05961945799234083
88,142,0.5352,170,0.544,1,0.06015013290090625
89,183,0.5352,115,0.5446,390,0.06045734183990703
90,460,0.5352,675,0.5451,549,0.060812474659584594
91,594,0.5352,982,0.5463,274,0.06105404817815815
92,788,0.5352,662,0.5469,210,0.0611759270136062
93,106,0.5357000000000001,415,0.5473,62,0.06149362409334776
94,289,0.5362,506,0.5491,308,0.06156707641049525
95,18,0.5367999999999999,370,0.5493,214,0.06172214315542576
96,40,0.5367999999999999,1003,0.5517,415,0.06180704217195397
97,214,0.5373,290,0.5521,268,0.06190469847800603
98,439,0.5373,880,0.5582,205,0.062176218875950436
99,542,0.5373,963,0.5582,57,0.06228849140639304
100,591,0.5373,172,0.5583,194,0.06266613140636004
101,7,0.5379,452,0.5586,25,0.06271815407198644
102,194,0.5379,80,0.5605,598,0.06274410769965971
103,382,0.5379,941,0.5622,543,0.06285559350521992
104,724,0.5379,553,0.5655,287,0.06293199554139148
105,885,0.5379,174,0.5674,219,0.06305416944097235
106,887,0.5379,69,0.5689,322,0.06332968836860067
107,22,0.5385,1017,0.5693,725,0.06360063912495685
108,182,0.5385,1019,0.5693,585,0.06373350572347322
109,268,0.5385,568,0.5697,313,0.06383683913024102
110,378,0.5385,986,0.5746,483,0.0640783063643654
111,410,0.5385,158,0.5755,351,0.06446710989154106
112,13,0.5391,728,0.5761,775,0.06461628659546338
113,45,0.5391,93,0.5788,259,0.0646253787397851
114,660,0.5391,332,0.5792,446,0.0649454010727074
115,9,0.5397000000000001,200,0.584,568,0.06500848657863459
116,137,0.5397000000000001,563,0.591,239,0.06544064298985555
117,6,0.5403,552,0.5916,218,0.06567866298711268
118,147,0.5403,634,0.5921,212,0.06573343834795395
119,241,0.5403,30,0.5925,466,0.06586362424194749
120,176,0.5409999999999999,334,0.5937,327,0.06607950960321224
121,207,0.5409999999999999,185,0.5941,284,0.06622436930130068
122,12,0.5417000000000001,705,0.5942,299,0.06651252968533924
123,385,0.5417000000000001,381,0.5972,460,0.06653818412297886
124,11,0.5424,495,0.5978,554,0.06722075059295944
125,66,0.5424,894,0.5997,90,0.06749064575113829
126,145,0.5424,165,0.5998,545,0.06771999014840666
127,316,0.5424,511,0.6004,660,0.06781556785951279
128,335,0.5424,143,0.6021,392,0.06830763997206477
129,376,0.5424,990,0.6029,200,0.06850447622599902
130,654,0.5439,572,0.6031,314,0.06947079963860361
131,200,0.5446,378,0.6062,27,0.0696649881913991
132,68,0.5455,295,0.6078,588,0.0697747878723317
133,213,0.5455,930,0.6101,439,0.06994754871976025
134,386,0.5455,499,0.6105,413,0.06998221741188951
135,483,0.5455,871,0.6123,107,0.07060354957149559
136,730,0.5455,996,0.6123,270,0.07078122769624769
137,34,0.5463,1041,0.6133,591,0.07115933347962734
138,267,0.5463,163,0.6138,227,0.07132064645721184
139,329,0.5463,91,0.6142,238,0.07138081007874583
140,243,0.5472,490,0.6143,303,0.07150039562556111
141,27,0.5481,1005,0.6143,11,0.07153821215569427
142,322,0.5481,950,0.6155,501,0.07159851646744592
143,367,0.5481,287,0.6166,573,0.07170050977063852
144,65,0.5489999999999999,1080,0.6176,470,0.07190545304895377
145,80,0.5489999999999999,1084,0.6176,404,0.07209656239395638
146,81,0.5489999999999999,379,0.6179,358,0.07222127250061366
147,331,0.5489999999999999,179,0.6199,6,0.07278085781324742
148,554,0.5489999999999999,231,0.6201,4,0.073227600693702
149,780,0.5489999999999999,322,0.6215,15,0.07328422743109893
150,84,0.55,676,0.6219,146,0.07337824836473725
151,271,0.55,899,0.6248,393,0.07358594059966549
152,361,0.55,481,0.6258,186,0.07408319790929704
153,415,0.55,320,0.6259,335,0.07475593424612459
154,222,0.5509999999999999,323,0.6259,85,0.07476683369809123
155,321,0.5509999999999999,992,0.6275,410,0.07526017869186817
156,467,0.5509999999999999,701,0.6325,340,0.0753982641289288
157,15,0.5521,840,0.633,147,0.07542034840368127
158,31,0.5521,669,0.6361,401,0.07542425853078724
159,368,0.5521,324,0.6363,142,0.07565034394511548
160,698,0.5521,702,0.6365,133,0.07575268627264974
161,112,0.5532,604,0.6369,711,0.07582525220808488
162,135,0.5532,851,0.6378,384,0.0759696032067889
163,485,0.5532,784,0.6388,34,0.0761622312498562
164,189,0.5543,849,0.6392,104,0.07623736466656343
165,239,0.5543,638,0.641,155,0.07624611862449661
166,585,0.5543,855,0.6411,344,0.07641873288899854
167,20,0.5556,1112,0.6411,389,0.07664467630079419
168,44,0.5556,750,0.6412,2,0.0766794739638761
169,94,0.5556,388,0.6419,362,0.07680684900054398
170,269,0.5556,928,0.6421,152,0.07723414311415606
171,387,0.5556,646,0.643,467,0.07729907264299184
172,543,0.5556,935,0.643,372,0.07742171930427823
173,729,0.5556,561,0.6432,730,0.0774557309176059
174,153,0.5568,932,0.6435,20,0.0775073307442497
175,725,0.5568,965,0.6444,215,0.07752109589338065
176,90,0.5581,719,0.6463,552,0.07760930417081309
177,371,0.5581,74,0.6499,122,0.07824905136702316
178,420,0.5581,458,0.6501,150,0.07855284387809952
179,532,0.5581,152,0.6514,698,0.07865649454148002
180,584,0.5581,957,0.6519,44,0.07931836285658042
181,93,0.5595,1035,0.6523,305,0.07950805359773992
182,124,0.5595,610,0.6531,240,0.0795460605963948
183,149,0.5595,435,0.6532,112,0.08031729926342589
184,197,0.5595,346,0.6553,612,0.08037683092269761
185,211,0.5595,442,0.6557,276,0.0805548998857829
186,237,0.5595,1087,0.6565,321,0.0805876300261441
187,352,0.5595,924,0.657,92,0.08087233553761235
188,383,0.5595,350,0.6581,203,0.08120462877116144
189,38,0.5609999999999999,339,0.6586,361,0.08174638757128398
190,55,0.5609999999999999,556,0.6593,136,0.08187799193751574
191,199,0.5609999999999999,54,0.6596,381,0.08205752364771762
192,251,0.5609999999999999,264,0.6659,495,0.08221935268538562
193,489,0.5609999999999999,1053,0.6672,289,0.0823024438727273
194,70,0.5625,252,0.6682,590,0.08239137275287854
195,127,0.5625,476,0.6683,724,0.08292998516740116
196,155,0.5625,647,0.6691,216,0.08345795035931988
197,202,0.5625,731,0.6696,255,0.0837289921852853
198,486,0.5625,168,0.6702,409,0.08409981126747453
199,775,0.5625,497,0.6718,124,0.08418718009871298
200,165,0.5641,656,0.6719,101,0.08432702380085225
201,168,0.5641,1066,0.6722,176,0.08485810843846303
202,255,0.5641,837,0.6728,484,0.08492194909822497
203,592,0.5641,983,0.6728,9,0.08499698930922009
204,769,0.5641,104,0.6729,235,0.08505738051434207
205,117,0.5658000000000001,859,0.6758,427,0.08520001398132655
206,358,0.5658000000000001,962,0.676,418,0.08528845436749082
207,413,0.5658000000000001,315,0.6765,507,0.0856106039985628
208,426,0.5658000000000001,1078,0.6765,399,0.08562478043643408
209,468,0.5658000000000001,611,0.6779,254,0.08617865462294862
210,481,0.5658000000000001,976,0.679,55,0.08682411659611515
211,848,0.5658000000000001,389,0.6794,157,0.08702366732114947
212,221,0.5676,923,0.6803,330,0.08705713939904383
213,495,0.5676,960,0.6809,420,0.08724111415956642
214,513,0.5676,657,0.6814,256,0.08727224870687672
215,549,0.5676,204,0.6822,193,0.08729290781802325
216,191,0.5694,464,0.6837,267,0.08772893336411335
217,430,0.5694,390,0.6849,217,0.08777831297368871
218,757,0.5694,155,0.6863,192,0.08778060246773091
219,162,0.5714,206,0.6869,500,0.08790556845893877
220,188,0.5714,313,0.6874,282,0.08819993427717936
221,248,0.5714,870,0.6888,338,0.08873383210267774
222,314,0.5714,166,0.6889,145,0.08922155427758126
223,409,0.5714,448,0.6896,93,0.08967596830460865
224,500,0.5714,348,0.6903,443,0.0900853684761154
225,568,0.5714,67,0.6908,884,0.09009753989356419
226,578,0.5714,689,0.6925,293,0.09019784159639091
227,599,0.5714,195,0.6934,65,0.09095121390166543
228,786,0.5714,311,0.6938,18,0.0909733917002556
229,1069,0.5714,598,0.695,603,0.09155565671498868
230,263,0.5735,268,0.6964,291,0.09237334295698009
231,512,0.5735,255,0.6969,555,0.09262145391516023
232,518,0.5735,602,0.6969,503,0.09313751518901935
233,562,0.5735,485,0.702,257,0.09334760473693769
234,709,0.5735,521,0.702,59,0.09368119344495804
235,744,0.5735,446,0.7037,451,0.09395022933784328
236,945,0.5735,645,0.7041,306,0.094102445584662
237,1005,0.5735,954,0.7051,67,0.09425932282348824
238,51,0.5758,677,0.7054,489,0.09435574434649742
239,88,0.5758,99,0.7063,199,0.09449704922477602
240,230,0.5758,1038,0.7068,117,0.09457227657683175
241,240,0.5758,95,0.7078,353,0.09482771102397179
242,245,0.5758,874,0.7083,12,0.0948605175879404
243,1067,0.5758,125,0.7088,336,0.09520364226006627
244,208,0.5781000000000001,658,0.7089,649,0.09520680531593229
245,287,0.5781000000000001,347,0.7095,438,0.09572973036815174
246,412,0.5781000000000001,498,0.7097,584,0.09661640518111546
247,429,0.5781000000000001,558,0.7126,447,0.09682644687709865
248,484,0.5781000000000001,742,0.7138,677,0.09684437526004859
249,743,0.5781000000000001,137,0.7141,709,0.09696556148606121
250,82,0.5806,330,0.7143,202,0.09757169361298991
251,259,0.5806,92,0.7157,127,0.09763851472669835
252,284,0.5806,958,0.7159,84,0.09791514739806595
253,325,0.5806,202,0.7168,334,0.09803958849743975
254,340,0.5806,908,0.7177,726,0.0980738227246329
255,598,0.5806,112,0.7182,207,0.09881439043252108
256,748,0.5806,700,0.7184,91,0.09977932181571998
257,895,0.5806,968,0.7187,230,0.10040423667051053
258,110,0.5832999999999999,806,0.7193,431,0.1004486495088946
259,131,0.5832999999999999,480,0.7195,592,0.10074773862528515
260,246,0.5832999999999999,622,0.7195,168,0.1010153206749525
261,254,0.5832999999999999,280,0.7198,691,0.10104907916450542
262,441,0.5832999999999999,822,0.7198,481,0.10155807783282134
263,510,0.5832999999999999,517,0.72,251,0.1017112191543983
264,641,0.5832999999999999,29,0.7216,113,0.10229370106722407
265,746,0.5832999999999999,329,0.7216,79,0.10234016018861274
266,849,0.5832999999999999,358,0.7219,457,0.10245511657740287
267,995,0.5832999999999999,297,0.723,263,0.10277451334225632
268,74,0.5862,574,0.724,337,0.10291680104519686
269,104,0.5862,1013,0.7247,275,0.10344393342007036
270,227,0.5862,274,0.7274,662,0.10344427435020728
271,334,0.5862,847,0.7287,407,0.10365777253843729
272,347,0.5862,1039,0.7287,391,0.10383906148468239
273,363,0.5862,554,0.7289,228,0.10425024056377148
274,380,0.5862,593,0.7289,130,0.10432420798541914
275,427,0.5862,123,0.729,125,0.10432791187131377
276,443,0.5862,710,0.7303,565,0.10460421608463047
277,464,0.5862,597,0.7329,75,0.10468971603228693
278,472,0.5862,663,0.7331,346,0.10469435119831391
279,694,0.5862,737,0.7334,211,0.10514662489521615
280,695,0.5862,181,0.7337,148,0.10534825575221869
281,71,0.5892999999999999,367,0.7339,594,0.10538814606784178
282,238,0.5892999999999999,981,0.7341,71,0.10553012270911759
283,706,0.5892999999999999,723,0.7349,132,0.10566227790389564
284,896,0.5892999999999999,696,0.7352,163,0.10568943358200772
285,981,0.5892999999999999,289,0.7376,400,0.10608247211570491
286,25,0.5926,1098,0.7385,231,0.10627159438818375
287,113,0.5926,17,0.7392,5,0.10635835374885491
288,203,0.5926,752,0.7394,364,0.10667112248467217
289,344,0.5926,305,0.7405,222,0.1067997721045589
290,400,0.5926,607,0.7411,260,0.10688048594057561
291,466,0.5926,26,0.7416,300,0.10729129123636683
292,503,0.5926,1034,0.7418,248,0.10742326566383041
293,612,0.5926,523,0.7425,512,0.10766315824462898
294,892,0.5926,625,0.7433,189,0.10768631591643432
295,1035,0.5926,566,0.744,425,0.1079354125638181
296,28,0.5962000000000001,409,0.7453,28,0.1080803558169989
297,291,0.5962000000000001,1050,0.7461,369,0.10821623413515886
298,339,0.5962000000000001,282,0.7483,542,0.1083861944173284
299,457,0.5962000000000001,101,0.7485,562,0.10894368958905526
300,569,0.5962000000000001,266,0.7502,197,0.1091858037876154
301,43,0.6,473,0.7513,64,0.10924522541902557
302,63,0.6,549,0.7518,371,0.10924880244821628
303,119,0.6,7,0.752,191,0.11002076949182438
304,228,0.6,827,0.7528,115,0.11006494599917202
305,313,0.6,608,0.7531,280,0.11022698856728996
306,507,0.6,432,0.7532,68,0.1108069646368587
307,745,0.6,224,0.7538,312,0.11134646136646757
308,765,0.6,707,0.7539,756,0.11143999061806972
309,809,0.6,68,0.7543,441,0.11155506134288215
310,894,0.6,132,0.755,78,0.11185394556777484
311,86,0.6042000000000001,262,0.7556,475,0.11209280579877441
312,107,0.6042000000000001,594,0.7558,995,0.11308597344310405
313,235,0.6042000000000001,286,0.7559,757,0.11354126481958059
314,293,0.6042000000000001,817,0.7565,382,0.11378036826796328
315,308,0.6042000000000001,89,0.7567,246,0.11458555590072397
316,362,0.6042000000000001,337,0.7575,388,0.11466897673500029
317,404,0.6042000000000001,529,0.7579,464,0.11489351477052764
318,477,0.6042000000000001,671,0.7587,705,0.11504918847610363
319,487,0.6042000000000001,940,0.7587,707,0.11513565639645214
320,523,0.6042000000000001,258,0.7589,250,0.11533041833917469
321,558,0.6042000000000001,356,0.7597,650,0.11555117988170095
322,642,0.6042000000000001,720,0.7602,695,0.11602360238081634
323,824,0.6042000000000001,260,0.7613,363,0.11622298067746592
324,833,0.6042000000000001,217,0.7637,663,0.11633661965047432
325,61,0.6087,189,0.7638,729,0.11643179316180938
326,73,0.6087,161,0.7652,765,0.11746522606412718
327,148,0.6087,712,0.7652,459,0.11777957372113217
328,190,0.6087,139,0.7659,486,0.11778901209117275
329,217,0.6087,384,0.7661,890,0.11787888422755516
330,250,0.6087,352,0.7668,184,0.11823707731486796
331,290,0.6087,425,0.7676,383,0.11826895557551609
332,407,0.6087,1002,0.769,633,0.11834561415035023
333,416,0.6087,86,0.7703,377,0.11836745254708674
334,432,0.6087,922,0.7709,870,0.11863753163680381
335,447,0.6087,56,0.7716,849,0.11872492843589563
336,508,0.6087,453,0.7725,444,0.11911273686861769
337,834,0.6087,470,0.7733,373,0.11922616553361826
338,891,0.6087,382,0.7734,694,0.11941948044056547
339,912,0.6087,565,0.7752,472,0.11943942173221828
340,920,0.6087,1043,0.7752,485,0.1195919212854154
341,983,0.6087,1009,0.7772,508,0.1199422885936567
342,33,0.6135999999999999,444,0.7778,279,0.12004622845236558
343,67,0.6135999999999999,349,0.7779,149,0.12009962941274066
344,317,0.6135999999999999,462,0.7788,412,0.12037806379360612
345,351,0.6135999999999999,184,0.7814,430,0.12062720833571629
346,373,0.6135999999999999,285,0.7822,908,0.12100442820390228
347,431,0.6135999999999999,741,0.7842,654,0.1210305920614487
348,648,0.6135999999999999,952,0.7853,22,0.12124463739236092
349,784,0.6135999999999999,351,0.7855,158,0.12125785952963984
350,868,0.6135999999999999,573,0.786,445,0.12127845715388338
351,884,0.6135999999999999,79,0.7879,780,0.12141574156588246
352,1105,0.6135999999999999,606,0.7889,66,0.12160049591906194
353,78,0.619,630,0.7889,786,0.12190871658929318
354,79,0.619,765,0.7891,505,0.12210467291772262
355,115,0.619,621,0.7892,859,0.12238537117290886
356,121,0.619,234,0.7894,208,0.12327727036389366
357,141,0.619,298,0.7903,297,0.12332673261342249
358,157,0.619,555,0.7906,121,0.12349001619614658
359,181,0.619,501,0.7915,245,0.12396517529213856
360,278,0.619,1054,0.7916,317,0.12419079083400734
361,455,0.619,460,0.792,162,0.1245979229430424
362,470,0.619,429,0.7925,518,0.12593733511979993
363,475,0.619,914,0.7943,538,0.12616839189222007
364,491,0.619,244,0.7944,86,0.12625702901994426
365,656,0.619,474,0.795,976,0.12719584597293665
366,663,0.619,895,0.7992,43,0.12806177343789132
367,808,0.619,484,0.7996,586,0.12813145284640864
368,890,0.619,194,0.8001,476,0.12819935876256525
369,1043,0.619,581,0.8003,523,0.12871334259448097
370,187,0.625,640,0.8011,487,0.12906607757519956
371,231,0.625,199,0.8018,324,0.12920011471768356
372,365,0.625,325,0.8019,188,0.12952050108755275
373,437,0.625,475,0.8052,657,0.12988859824925195
374,479,0.625,538,0.806,181,0.1300824326589516
375,480,0.625,668,0.8082,784,0.13008998621460524
376,607,0.625,783,0.8086,307,0.13038832228283997
377,622,0.625,398,0.8091,252,0.13163214769642137
378,699,0.625,479,0.8097,153,0.13182952716975982
379,770,0.625,5,0.8125,892,0.13183647516655758
380,889,0.625,551,0.814,824,0.1319616082672625
381,957,0.625,819,0.8145,632,0.13199342327353397
382,1098,0.625,860,0.8145,278,0.13276791994379264
383,8,0.6315999999999999,276,0.8147,671,0.13352924359716492
384,108,0.6315999999999999,920,0.8159,386,0.13372868288197692
385,161,0.6315999999999999,757,0.8162,88,0.1337720609919315
386,166,0.6315999999999999,946,0.8173,593,0.13438336624335798
387,276,0.6315999999999999,527,0.8189,416,0.13471921624534666
388,297,0.6315999999999999,761,0.8204,221,0.13482270999393614
389,399,0.6315999999999999,118,0.8212,638,0.13495535275036455
390,422,0.6315999999999999,1045,0.8233,477,0.1350063810838631
391,505,0.6315999999999999,296,0.8234,661,0.1350561427346973
392,603,0.6315999999999999,559,0.8254,352,0.13506406612343588
393,256,0.6389,872,0.8254,599,0.1361038535372575
394,312,0.6389,447,0.8261,323,0.13617650411249313
395,328,0.6389,387,0.8276,521,0.13632549880096573
396,372,0.6389,1069,0.828,347,0.13654574081522136
397,419,0.6389,643,0.8281,387,0.13702050961060117
398,438,0.6389,987,0.8294,408,0.1372463189107092
399,471,0.6389,824,0.8295,480,0.1376089497843827
400,476,0.6389,649,0.8304,706,0.1380457092383924
401,501,0.6389,769,0.8311,77,0.1383313644516679
402,602,0.6389,413,0.8331,161,0.13854259655975026
403,634,0.6389,336,0.8343,783,0.1392226365164348
404,643,0.6389,893,0.8349,456,0.13944100973606224
405,677,0.6389,623,0.8355,385,0.1397609665733943
406,907,0.6389,904,0.8377,349,0.14004248453352627
407,167,0.6471,121,0.8378,118,0.1400702022839851
408,300,0.6471,515,0.8386,398,0.14017449368569923
409,305,0.6471,136,0.8389,840,0.14237619950957023
410,364,0.6471,775,0.8396,61,0.14332393122102596
411,369,0.6471,192,0.8399,953,0.14355733354543168
412,527,0.6471,509,0.8415,675,0.14483085173420004
413,650,0.6471,237,0.842,571,0.14586778257327102
414,792,0.6471,359,0.842,29,0.14593374400444972
415,847,0.6471,96,0.8423,433,0.1459353187180338
416,869,0.6471,164,0.8438,607,0.14673783149458025
417,872,0.6471,368,0.8441,572,0.14687639016833587
418,940,0.6471,736,0.8441,848,0.14697790716207976
419,996,0.6471,504,0.8451,699,0.14713706882060248
420,1004,0.6471,687,0.8472,833,0.1473806482540878
421,1039,0.6471,557,0.848,395,0.14743398186409554
422,270,0.6562,691,0.8481,509,0.14788021282170039
423,279,0.6562,907,0.8496,629,0.14801605295501544
424,336,0.6562,338,0.85,659,0.14832214142022718
425,337,0.6562,83,0.8509,265,0.1486159463104414
426,357,0.6562,848,0.8538,234,0.14944929541873594
427,391,0.6562,953,0.8538,325,0.14962547153186354
428,392,0.6562,357,0.8552,432,0.15042098519627276
429,456,0.6562,61,0.8571,455,0.15078069272806036
430,623,0.6562,770,0.858,63,0.15127655440330587
431,662,0.6562,138,0.8598,769,0.15137733792428762
432,793,0.6562,795,0.8615,411,0.1514371157267044
433,75,0.6667000000000001,641,0.8617,642,0.15149100502769422
434,89,0.6667000000000001,422,0.8619,187,0.1514972528723831
435,91,0.6667000000000001,936,0.8636,165,0.1518984618600885
436,129,0.6667000000000001,107,0.8637,648,0.15209275490698912
437,220,0.6667000000000001,599,0.865,315,0.15280439201164564
438,315,0.6667000000000001,533,0.8658,298,0.15324442525634108
439,353,0.6667000000000001,410,0.8659,48,0.15331529161009294
440,408,0.6667000000000001,528,0.8663,290,0.1540482313423678
441,444,0.6667000000000001,277,0.8702,437,0.15414843674293005
442,445,0.6667000000000001,512,0.8703,896,0.1549813022175353
443,509,0.6667000000000001,372,0.871,285,0.15510843978562358
444,563,0.6667000000000001,567,0.8716,365,0.15515984301656213
445,567,0.6667000000000001,711,0.8723,558,0.15526882344212467
446,601,0.6667000000000001,256,0.8726,244,0.1564207125865052
447,657,0.6667000000000001,340,0.8729,166,0.15689320452043176
448,675,0.6667000000000001,600,0.8751,277,0.15724628078164524
449,902,0.6667000000000001,331,0.8759,513,0.1574412832539172
450,908,0.6667000000000001,406,0.8773,656,0.1582450494766683
451,953,0.6667000000000001,861,0.8778,748,0.1586349176666865
452,976,0.6667000000000001,114,0.8783,868,0.15920790844467947
453,1026,0.6667000000000001,912,0.8784,167,0.15951162906586222
454,47,0.6786,1105,0.8804,647,0.15955111046986728
455,101,0.6786,254,0.8851,701,0.15959519681138196
456,122,0.6786,314,0.8865,750,0.15966682626950848
457,125,0.6786,443,0.8868,110,0.15970835279224174
458,130,0.6786,293,0.8871,89,0.16090548431952006
459,132,0.6786,821,0.8876,745,0.16129375318845018
460,172,0.6786,433,0.8897,328,0.16151511059409548
461,257,0.6786,694,0.8905,847,0.1620854938271605
462,307,0.6786,808,0.8905,700,0.16315708805245202
463,388,0.6786,569,0.8914,517,0.16331232479496918
464,610,0.6786,271,0.8928,417,0.16368255122932357
465,614,0.6786,772,0.8928,743,0.16534260372972973
466,629,0.6786,71,0.8937,1009,0.165533159765964
467,661,0.6786,240,0.8978,348,0.1656830230202436
468,691,0.6786,1067,0.899,499,0.1657733647000764
469,711,0.6786,838,0.9013,479,0.16586576917022158
470,1078,0.6786,46,0.9018,47,0.16612778598923605
471,29,0.6923,385,0.9032,895,0.16664920145901452
472,96,0.6923,77,0.9043,33,0.16714618517394125
473,158,0.6923,365,0.9067,610,0.1671716436494406
474,164,0.6923,793,0.9088,569,0.16742977207793242
475,184,0.6923,489,0.9091,8,0.167644075211554
476,275,0.6923,129,0.9092,808,0.16777930554052464
477,285,0.6923,562,0.9095,809,0.16855239746725137
478,311,0.6923,208,0.9099,958,0.1686086808035461
479,377,0.6923,417,0.9109,611,0.1704284415958371
480,395,0.6923,430,0.9113,860,0.1707647277672955
481,411,0.6923,248,0.9114,891,0.17121337845089818
482,417,0.6923,767,0.9115,954,0.17166720805248942
483,425,0.6923,477,0.9133,872,0.17187130237800402
484,433,0.6923,363,0.9159,819,0.17300597839001558
485,497,0.6923,113,0.9162,553,0.17398588315802252
486,506,0.6923,532,0.9184,614,0.17438684452947847
487,555,0.6923,267,0.9195,710,0.17443808892699336
488,600,0.6923,418,0.9203,224,0.1748723516124336
489,647,0.6923,869,0.9206,350,0.17493628117913831
490,669,0.6923,545,0.9208,380,0.1750467762843748
491,819,0.6923,78,0.9242,697,0.17511967750062984
492,870,0.6923,344,0.9247,397,0.17584077532269274
493,910,0.6923,427,0.9248,357,0.17668205236209497
494,946,0.6923,781,0.9262,945,0.17735969363962112
495,958,0.6923,88,0.9268,426,0.17787213050562387
496,1070,0.6923,695,0.9294,311,0.17800206637695792
497,114,0.7082999999999999,693,0.9297,422,0.17847814146476426
498,179,0.7082999999999999,65,0.9298,788,0.1785174652031472
499,195,0.7082999999999999,456,0.9305,581,0.17884350077268413
500,224,0.7082999999999999,455,0.931,119,0.17894925948333354
501,306,0.7082999999999999,75,0.9326,855,0.1790504535147392
502,320,0.7082999999999999,891,0.9331,491,0.18004681844418208
503,323,0.7082999999999999,457,0.9332,528,0.18107048249400792
504,338,0.7082999999999999,595,0.9341,540,0.18110347995799853
505,451,0.7082999999999999,868,0.9342,141,0.18120432234410233
506,545,0.7082999999999999,55,0.9358,907,0.1817457331451439
507,586,0.7082999999999999,624,0.9362,1035,0.1817761278545119
508,595,0.7082999999999999,188,0.9379,795,0.18244526366321234
509,608,0.7082999999999999,209,0.94,17,0.1829582537493694
510,668,0.7082999999999999,603,0.9459,744,0.18348981817244808
511,696,0.7082999999999999,205,0.946,996,0.18353127585218085
512,747,0.7082999999999999,306,0.9471,761,0.1841981798165889
513,772,0.7082999999999999,1070,0.9496,108,0.1845913984656159
514,822,0.7082999999999999,220,0.9499,169,0.18479971761402608
515,840,0.7082999999999999,317,0.9509,209,0.18504076832418428
516,860,0.7082999999999999,471,0.9518,869,0.1853156065224264
517,17,0.7273000000000001,44,0.953,264,0.18542154731715174
518,133,0.7273000000000001,399,0.9548,551,0.1855569420404585
519,174,0.7273000000000001,730,0.955,83,0.18594937375696607
520,324,0.7273000000000001,265,0.9571,286,0.18640816217537673
521,346,0.7273000000000001,108,0.9595,793,0.18732503116585297
522,397,0.7273000000000001,743,0.9636,87,0.1875436991050062
523,418,0.7273000000000001,353,0.9643,731,0.18755464827751353
524,435,0.7273000000000001,902,0.9651,741,0.18767722795754432
525,538,0.7273000000000001,709,0.967,693,0.1877531812353892
526,621,0.7273000000000001,284,0.9685,658,0.1886302276902046
527,624,0.7273000000000001,411,0.9685,957,0.18919974498655073
528,658,0.7273000000000001,910,0.9704,129,0.19028433373769513
529,659,0.7273000000000001,57,0.9729,96,0.19045454177296176
530,731,0.7273000000000001,103,0.9735,103,0.19133925392779555
531,752,0.7273000000000001,360,0.9754,515,0.19235998333726914
532,761,0.7273000000000001,642,0.9757,604,0.19265619980731308
533,838,0.7273000000000001,127,0.9768,435,0.19300615467152288
534,952,0.7273000000000001,87,0.977,950,0.19433717211164298
535,1037,0.7273000000000001,279,0.978,178,0.194685905885631
536,48,0.75,445,0.9816,742,0.19477350119288683
537,192,0.75,809,0.9822,885,0.194827452928501
538,244,0.75,238,0.9835,641,0.1951376533583507
539,265,0.75,633,0.9847,296,0.19513892015827777
540,360,0.75,15,0.9876,1098,0.19552865337943687
541,459,0.75,190,0.988,195,0.1967454705645004
542,499,0.75,63,0.9896,557,0.1971367851792433
543,521,0.75,186,0.99,600,0.19716744055160737
544,528,0.75,1020,0.9902,668,0.19758695812187504
545,561,0.75,1004,0.993,770,0.1986642661078849
546,566,0.75,748,0.9932,737,0.20009130066584957
547,633,0.75,833,0.9934,767,0.20023062414266118
548,645,0.75,227,0.9939,983,0.2008860027095966
549,671,0.75,215,0.9966,190,0.20115522173748127
550,687,0.75,33,0.9982,634,0.2012188007875024
551,723,0.75,354,1.0003,902,0.20368702696118124
552,736,0.75,369,1.0021,1078,0.20382591101992145
553,767,0.75,466,1.0021,326,0.20424647527211626
554,861,0.75,371,1.0037,370,0.20443780006858708
555,935,0.75,278,1.007,1038,0.20476029231711046
556,936,0.75,746,1.0082,471,0.20479028853830894
557,968,0.75,13,1.0093,806,0.20579159356156013
558,992,0.75,122,1.0101,506,0.20624522630402925
559,1034,0.75,1026,1.0108,595,0.2072113821423886
560,1041,0.75,896,1.0111,822,0.20748644015919254
561,77,0.7778,518,1.0113,602,0.20753008353347832
562,87,0.7778,434,1.0119,563,0.20907808667494487
563,103,0.7778,792,1.0132,886,0.20954503283704176
564,136,0.7778,408,1.0165,888,0.20954503283704176
565,186,0.7778,307,1.0181,621,0.210135103094166
566,209,0.7778,380,1.0198,834,0.21071044546459758
567,258,0.7778,213,1.0211,696,0.21096960769309253
568,277,0.7778,40,1.0215,164,0.21117833943464753
569,286,0.7778,257,1.0229,1112,0.2125772392290249
570,398,0.7778,890,1.0232,170,0.213504252643976
571,515,0.7778,167,1.0233,746,0.21355463211940065
572,517,0.7778,725,1.0244,894,0.21463579509545888
573,529,0.7778,451,1.0246,419,0.21479099879845914
574,557,0.7778,438,1.0258,453,0.21493139299837585
575,649,0.7778,601,1.0264,981,0.21503267660865738
576,693,0.7778,468,1.0265,625,0.21578498580721403
577,750,0.7778,23,1.0268,736,0.21605730511093663
578,806,0.7778,176,1.027,772,0.21611607266607108
579,821,0.7778,397,1.0335,1067,0.21638370622310002
580,859,0.7778,729,1.0356,719,0.21639173778250645
581,904,0.7778,243,1.0361,510,0.21648489814348795
582,924,0.7778,592,1.0362,811,0.21750864424265093
583,987,0.7778,383,1.0367,1005,0.2175247081171512
584,1020,0.7778,191,1.0371,533,0.21813674235428504
585,1038,0.7778,193,1.0386,606,0.2187682304282087
586,5,0.8125,747,1.039,462,0.22029389010271605
587,83,0.8125,416,1.0416,887,0.22163317821167045
588,92,0.8125,412,1.0427,95,0.22185199466278432
589,118,0.8125,629,1.0446,640,0.2222022720775281
590,280,0.8125,62,1.0479,99,0.222320122452334
591,296,0.8125,510,1.0507,923,0.22232253634304922
592,330,0.8125,377,1.0513,574,0.22268306213017755
593,349,0.8125,439,1.0569,511,0.22305912822339105
594,406,0.8125,291,1.0578,220,0.22373569500315793
595,458,0.8125,745,1.0608,702,0.22412800000000005
596,462,0.8125,335,1.062,1069,0.22480860604779324
597,474,0.8125,889,1.0622,821,0.22576658948159373
598,572,0.8125,221,1.0634,817,0.22599410264258754
599,611,0.8125,362,1.067,1043,0.22619930270198696
600,697,0.8125,203,1.0685,962,0.22858426702263912
601,700,0.8125,513,1.0705,874,0.2316974244025714
602,728,0.8125,650,1.0705,689,0.23204586129189292
603,737,0.8125,786,1.0717,179,0.23283091682827856
604,795,0.8125,241,1.0745,498,0.23337322274375022
605,851,0.8125,133,1.0747,559,0.23493127572016465
606,874,0.8125,147,1.0758,114,0.237784241438605
607,875,0.8125,8,1.0772,904,0.23920652229364348
608,893,0.8125,328,1.078,359,0.2400402003097974
609,954,0.8125,543,1.0784,360,0.24111537457514082
610,1003,0.8125,386,1.0797,792,0.24185059564103134
611,1045,0.8125,148,1.0803,912,0.24300385294070745
612,1053,0.8125,140,1.0805,1050,0.2446064814814815
613,1054,0.8125,48,1.0809,379,0.24477428833792475
614,138,0.8571,419,1.0817,940,0.24524018466825653
615,163,0.8571,59,1.0821,561,0.24534171075837735
616,178,0.8571,19,1.0822,258,0.2469578301196087
617,264,0.8571,780,1.0822,932,0.24712809917355374
618,295,0.8571,892,1.0822,172,0.2474165314097282
619,359,0.8571,699,1.0834,861,0.248267775024768
620,551,0.8571,4,1.084,320,0.24856517727625788
621,559,0.8571,945,1.0844,942,0.24889824859376145
622,593,0.8571,157,1.0857,1026,0.24936527431512379
623,604,0.8571,441,1.089,174,0.24979258365218762
624,781,0.8571,586,1.0897,889,0.25174519430908876
625,783,0.8571,141,1.0903,1020,0.25228213610907085
626,837,0.8571,239,1.0905,747,0.25298362281857956
627,941,0.8571,884,1.0913,712,0.25374094230284705
628,963,0.8571,131,1.102,601,0.2544447597993589
629,1050,0.8571,117,1.1029,310,0.25658950617283954
630,26,0.9167,47,1.1042,622,0.26043020300955183
631,99,0.9167,486,1.1072,643,0.2605350214099812
632,139,0.9167,834,1.1076,920,0.26094219829240256
633,260,0.9167,995,1.108,527,0.2614918206291001
634,298,0.9167,407,1.1082,723,0.2629910461197148
635,310,0.9167,400,1.1123,992,0.2643041845219875
636,326,0.9167,299,1.1138,669,0.26489007308813434
637,348,0.9167,250,1.1262,990,0.26649092970521543
638,350,0.9167,218,1.1266,936,0.2672973438281487
639,379,0.9167,187,1.1303,623,0.26812989341577187
640,442,0.9167,251,1.1319,1066,0.2683147518266566
641,473,0.9167,487,1.1339,1045,0.2690282289851579
642,490,0.9167,212,1.1375,497,0.2693934075085882
643,498,0.9167,27,1.1394,875,0.2702177472986673
644,511,0.9167,300,1.1395,266,0.27102521685138603
645,522,0.9167,50,1.1405,910,0.2729030360422406
646,533,0.9167,591,1.1422,262,0.2743755107748898
647,581,0.9167,275,1.1447,567,0.275154825532132
648,597,0.9167,28,1.1471,1105,0.2755908068612259
649,646,0.9167,145,1.1473,720,0.2763931975976665
650,652,0.9167,130,1.1487,1053,0.2778233640596278
651,689,0.9167,392,1.1519,878,0.27800047934224925
652,705,0.9167,70,1.1523,952,0.2783265523173201
653,710,0.9167,726,1.1542,827,0.27868015300898397
654,712,0.9167,31,1.1548,630,0.279325360044076
655,720,0.9167,235,1.1651,556,0.27965563852373326
656,741,0.9167,119,1.1654,608,0.2796810251040224
657,742,0.9167,361,1.1658,529,0.2813707541296286
658,810,0.9167,1,1.1676,781,0.28297565421143556
659,811,0.9167,135,1.1683,624,0.2830274637875074
660,827,0.9167,437,1.1743,930,0.2833768246882087
661,855,0.9167,364,1.1744,893,0.28555098810861185
662,942,0.9167,505,1.1817,1007,0.28688996668295547
663,950,0.9167,43,1.1834,838,0.28867953451751693
664,962,0.9167,20,1.1837,985,0.2887802469135803
665,965,0.9167,110,1.1889,960,0.28941521619839394
666,985,0.9167,198,1.1922,138,0.2910811304071261
667,986,0.9167,3,1.1931,646,0.2911998504623201
668,1009,0.9167,263,1.1975,946,0.29360099579630056
669,1066,0.9167,6,1.1976,566,0.2936679809457585
670,1080,0.9167,756,1.1982,474,0.2939501929473743
671,1084,0.9167,207,1.1997,871,0.2944073637654958
672,1087,0.9167,373,1.2008,752,0.2971442607897154
673,1112,0.9167,245,1.2018,965,0.30032286973449707
674,95,1.0,153,1.2044,490,0.30397764753284234
675,123,1.0,503,1.205,1034,0.30587480276134127
676,169,1.0,214,1.2065,728,0.3061148995904347
677,170,1.0,85,1.2078,810,0.30809027777777775
678,234,1.0,146,1.2146,1004,0.3117175454743846
679,252,1.0,197,1.2146,522,0.31230123966942147
680,262,1.0,51,1.2165,1039,0.31360168038408776
681,266,1.0,698,1.2201,1003,0.316083608815427
682,370,1.0,25,1.2346,922,0.318769322235434
683,448,1.0,327,1.2378,987,0.31908444036322836
684,453,1.0,472,1.2389,754,0.32157871326905413
685,540,1.0,149,1.2434,753,0.3231076388888888
686,553,1.0,82,1.2519,1037,0.3246972987299328
687,556,1.0,12,1.254,295,0.3272798808614049
688,565,1.0,216,1.2544,924,0.32872592592592587
689,574,1.0,210,1.2607,968,0.3307974210955356
690,606,1.0,9,1.261,1070,0.33130355073076206
691,625,1.0,162,1.2612,851,0.3339182133047617
692,630,1.0,744,1.2672,935,0.34166911575087555
693,632,1.0,34,1.2805,963,0.34346276149276855
694,638,1.0,404,1.2819,406,0.3444818176318577
695,640,1.0,431,1.2854,941,0.34555516224534705
696,676,1.0,64,1.2998,123,0.35563779351988306
697,701,1.0,420,1.301,914,0.36869928459725165
698,702,1.0,230,1.3033,676,0.3701510345063438
699,707,1.0,150,1.3119,645,0.37514540003476593
700,719,1.0,584,1.3178,938,0.37734317126799644
701,753,1.0,228,1.32,1054,0.3841842981453371
702,754,1.0,886,1.3254,652,0.3844786692039692
703,817,1.0,888,1.3254,473,0.3852432717654739
704,871,1.0,142,1.3271,442,0.38810727788279764
705,878,1.0,246,1.3324,982,0.3901224202658174
706,880,1.0,222,1.3385,448,0.39193455685297174
707,899,1.0,426,1.3785,837,0.39347343383328226
708,914,1.0,22,1.3899,1019,0.3970995466023875
709,922,1.0,66,1.3901,26,0.3979492455418381
710,923,1.0,885,1.4091,1080,0.3989621913580247
711,928,1.0,887,1.4091,1084,0.3989621913580247
712,930,1.0,84,1.4106,139,0.39927096072802204
713,932,1.0,542,1.4139,1087,0.39987654320987653
714,938,1.0,211,1.4183,944,0.40005880751477746
715,944,1.0,788,1.4306,1013,0.40062257993728184
716,960,1.0,571,1.4345,597,0.41732029894908673
717,982,1.0,124,1.4445,1002,0.42021230202966037
718,990,1.0,2,1.4564,986,0.42072662653470727
719,1002,1.0,81,1.4685,1041,0.4218268595041322
720,1007,1.0,39,1.4702,928,0.4273440599547247
721,1013,1.0,11,1.4703,899,0.46779462524654836
722,1017,1.0,401,1.4743,880,0.48002403440715125
723,1019,1.0,18,1.5102,1017,0.5470041322314049
